AgencyName,SecondAgencyName,AIN,Match,TaxRateArea,TaxRateArea_CITY,PropertyLocation,PropertyUseCode,GeneralUseType,SpecificUseType,SpecificUseDetail1,SpecificUseDetail2,ParcelBoundaryDescription,DateNewParcelActivated
L A CITY, ,6233002904,#N/A,15190,SOUTH GATE ,     ,    , , , , ,SAN ANTONIO RANCHO UND 1/2 INT IN POR OF SD RANCHO, 
L A CITY, ,6233002906,#N/A,3334,SOUTH GATE ,     ,    , , , , ,SAN ANTONIO RANCHO UND 1/2 INT IN POR OF SD RANCHO, 
L A CITY, ,6233002908,#N/A,3334,SOUTH GATE ,     ,    , , , , ,SAN ANTONIO RANCHO UND 1/2 INT IN POR OF SD RANCHO, 
L A CITY, ,6233002910,#N/A,3334,SOUTH GATE ,     ,    , , , , ,SAN ANTONIO RANCHO UND 1/2 INT IN POR OF SD RANCHO, 
L A CITY DEPT OF WATER AND POWER, ,4057028900,#N/A,1423,unincorporated,     ,    , , , , ,TR=19206 LOTS 21 AND 22 AND POR OF LOT 23,
L A CITY DEPT OF WATER AND POWER, ,4057028901,#N/A,1636,unincorporated,     ,    , , , , ,POR OF SE 1/4 OF NE 1/4 OF SEC 11 T3S R14W,
L A CITY HARBOR DEPT, ,7440040907,#N/A,14,LOS ANGELES,2800 VIA CABRILLO MARINA  LOS ANGELES CA  90731-7223,1813,Commercial,Hotel and Motel,Hotel - 50 Rooms and Over,Three Stories,PORT OF ANGELES MAP NO 1-1241*FOR DESC SEE ASSESSOR'S MAPS, 
L A CITY, ,7436010910,#N/A,5521,LONG BEACH ,     ,1700,Commercial,Office Building, ,One Story,RANCHO LOS CERRITOS UND 1/2 INT IN POR OF SD RANCHO, 
L A CITY, ,5024019900,#N/A,8841,LOS ANGELES,     ,2700,Commercial,Parking Lot (Commercial Use Property),Lots - Patron or Employee,One Story,"TRACT # 10023 LOT COM AT MOST E COR OF LOT A TH SW ON SE LINE OF SD LOT 304.245 FT TH N 0¢25'12'' E 22.41 FT TH S 89¢43'40'' W TO E LINE OF DEGNAN BLVD TH N THEREON 20 FT TH N 89¢43'40'' E TO W LINE OF SD LOT TH N 0¢25'12'' E TO S LINE OF 43RD ST TH E ON SD S LINE AND SE ON SW LINE OF SD ST TO BEG PART OF LOTS A AND 49 AND ALL OF LOTS 56, 57,58 AND LOT   59", 
LOS ANGELES CITY, ,5024019903,#N/A,8841,LOS ANGELES,     ,2700,Commercial,Parking Lot (Commercial Use Property),Lots - Patron or Employee,One Story,TR=10023 N 29.48 FT MEASURED ON W LINE OF LOT 49 AND ALL OF LOT 50, 
L A CITY HOUSING AUTHORITY, ,6046019905,#N/A,1612,unincorporated,9901 S ALAMEDA ST  LOS ANGELES CA  90002-3159,3200,Industrial,Heavy Manufacturing, ,One Story,"SUBD OF TAJAUTA RO LAND DESC AS PAR A IN DOC 547317, 080331 POR OF SD RO", 
L A CITY HOUSING AUTHORITY, ,6046019906,#N/A,1241,unincorporated,9901 S ALAMEDA ST  LOS ANGELES CA  90002-3159,3200,Industrial,Heavy Manufacturing, ,One Story,"SAN ANTONIO RO LAND DESC AS PAR B IN DOC 547317, 080331 POR OF SD RO", 
L A CITY, ,6302009920,#N/A,10716,VERNON,     ,3000,Industrial,Industrial, ,One Story,UND 1/2 INT IN POR OF SEC 10 T 2S R 13W, 
L A CITY DEPT OF WATER AND POWER, ,2836016902,#N/A,1340,SANTA CLARITA,     ,3000,Industrial,Industrial, ,One Story,"THAT POR IN TRA 1340 OF LAND DESC IN DOC 868,650913 POR LOT 2 IN SEC 19 T4N R15W",
L A CITY, ,6216034900,#N/A,668,SOUTH GATE ,     ,300V,Industrial,Industrial, ,Vacant Land,SAN ANTONIO RANCHO UND 1/2 INT IN POR OF SD RANCHO, 
L A CITY, ,6216034902,#N/A,664,SOUTH GATE ,     ,300V,Industrial,Industrial, ,Vacant Land,SAN ANTONIO RANCHO UND 1/2 INT IN POR OF SD RANCHO, 
L A CITY, ,6216035900,#N/A,668,SOUTH GATE ,     ,300V,Industrial,Industrial, ,Vacant Land,SAN ANTONIO RANCHO UND 1/2 INT IN POR OF SD RANCHO, 
L A CITY, ,6216035902,#N/A,668,SOUTH GATE ,     ,300V,Industrial,Industrial, ,Vacant Land,SAN ANTONIO RANCHO UND 1/2 INT IN POR OF SD RANCHO, 
L A CITY, ,7436029924,#N/A,5521,LONG BEACH ,     ,300V,Industrial,Industrial, ,Vacant Land,TR=7091 UND 1/2 INT IN POR LOT 11, 
L A CITY, ,7436029927,#N/A,5521,LONG BEACH ,     ,300V,Industrial,Industrial, ,Vacant Land,"TR=751 LAND DESC IN DOC 1057886,980623 POR OF LOT 13", 
L A CITY, ,7440038905,#N/A,14,LOS ANGELES,     ,3100,Industrial,Light Manufacturing, ,One Story,PORT OF ANGELES MAP NO 1-1241*FOR DESC SEE ASSESSOR'S MAPS, 
L A CITY HARBOR DEPT, ,7440010909,#N/A,14,LOS ANGELES,     ,3100,Industrial,Light Manufacturing, ,One Story,PORT OF ANGELES MAP NO 1-1241*FOR DESC SEE ASSESSOR'S MAPS, 
L A CITY HARBOR DEPT, ,7440012903,#N/A,14,LOS ANGELES,     ,3100,Industrial,Light Manufacturing, ,One Story,PORT OF ANGELES MAP NO 1-1241*FOR DESC SEE ASSESSOR'S MAPS, 
L A CITY HARBOR DEPT, ,7440013908,#N/A,14,LOS ANGELES,     ,3100,Industrial,Light Manufacturing, ,One Story,PORT OF ANGELES MAP NO 1-1241*FOR DESC SEE ASSESSOR'S MAPS, 
L A CITY HARBOR DEPT, ,7440026905,#N/A,14,LOS ANGELES,     ,3100,Industrial,Light Manufacturing, ,One Story,PORT OF ANGELES MAP NO 1-1241*FOR DESC SEE ASSESSOR'S MAPS, 
L A CITY HARBOR DEPT, ,7440033904,#N/A,14,LOS ANGELES,     ,3100,Industrial,Light Manufacturing, ,One Story,PORT OF ANGELES MAP NO 1-1241*FOR DESC SEE ASSESSOR'S MAPS, 
L A CITY HARBOR DEPT, ,7440033905,#N/A,14,LOS ANGELES,     ,3100,Industrial,Light Manufacturing, ,One Story,PORT OF ANGELES MAP NO 1-1241*FOR DESC SEE ASSESSOR'S MAPS, 
L A CITY HARBOR DEPT, ,7440033906,#N/A,14,LOS ANGELES,     ,3100,Industrial,Light Manufacturing, ,One Story,PORT OF ANGELES MAP NO 1-1241*FOR DESC SEE ASSESSOR'S MAPS, 
L A CITY HARBOR DEPT, ,7440034903,#N/A,14,LOS ANGELES,     ,3100,Industrial,Light Manufacturing, ,One Story,PORT OF ANGELES MAP NO 1-1241*FOR DESC SEE ASSESSOR'S MAPS, 
L A CITY HARBOR DEPT, ,7440037903,#N/A,14,LOS ANGELES,     ,3100,Industrial,Light Manufacturing, ,One Story,PORT OF ANGELES MAP NO 1-1241*FOR DESC SEE ASSESSOR'S MAPS, 
L A CITY HARBOR DEPT, ,7440037904,#N/A,14,LOS ANGELES,     ,3100,Industrial,Light Manufacturing, ,One Story,PORT OF ANGELES MAP NO 1-1241*FOR DESC SEE ASSESSOR'S MAPS, 
L A CITY HARBOR DEPT, ,7440039909,#N/A,14,LOS ANGELES,     ,3100,Industrial,Light Manufacturing, ,One Story,PORT OF ANGELES MAP NO 1-1241*FOR DESC SEE ASSESSOR'S MAPS, 
L A CITY, ,7315013902,#N/A,1072,CARSON     ,     ,310L,Industrial,Light Manufacturing, ,Lift,C F 145 UND 1/2 INT IN POR OF SD RANCHO, 
L A CITY, ,7315013904,#N/A,1002,CARSON     ,     ,310L,Industrial,Light Manufacturing, ,Lift,C F 145 UND 1/2 INT IN POR OF SD RANCHO, 
L A CITY, ,7436029925,#N/A,5521,LONG BEACH ,     ,310V,Industrial,Light Manufacturing, , ,TR=751 FOR DESC SEE ASSESSOR'S MAPS POR OF LOT 13, 
L A CITY HOUSING AUTHORITY, ,6046019904,#N/A,1241,unincorporated,9731 S ALAMEDA ST  LOS ANGELES CA  90002-3157,3900,Industrial,Open Storage, ,One Story,"LAND DESC IN DOC 547317,080331 AS PAR C, D POR OF TAJAUTA RO,SAN ANTONIO RO", 
L A CITY, ,5024019902,#N/A,8841,LOS ANGELES,3341 W 43RD PL  LOS ANGELES CA  90008-5258,7100,Institutional,Church, ,One Story,"TR=10023 POR OF LOTS A, 48 AND 49", 
LOS ANGELES CITY, ,5024019904,#N/A,8841,LOS ANGELES,4300 DEGNAN BLVD  LOS ANGELES CA  90008-4909,7100,Institutional,Church, ,One Story,"TR=10023 LOTS 51,52,53,54 AND 55", 
L A CITY, ,2846002900,#N/A,1693,unincorporated,     ,7200,Institutional,School (Private), ,One Story,N 170 FT OF S 345 FT OF E 400 FT OF SE 1/4 OF SEC 36 T3N R15W, 
L A CITY DEPT OF WATER AND POWER, ,6222040912,#N/A,3334,SOUTH GATE ,     ,890V,Miscellaneous,Dump Site, , ,L.S 24-33-42 LOTS 26 AND 27,
L A CITY, ,2375021900,#N/A,13,LOS ANGELES,     ,8800,Miscellaneous,Government Owned Property, , ,"TRACT # 1368 LOT COM N ON W LINE OF LOT 5,255.79 FT FROM SW COR OF SD LOT TH N ON SD W LINE 60 FT WITH A UNIFORM DEPTH OF 165 FT E AT R/A PART OF LOT    5", 
L A CITY, ,2443025906,#N/A,2530,BURBANK    ,     ,8800,Miscellaneous,Government Owned Property, , ,"LAND DESC IN DOC NO 1991, 74-4-18 VAC ST ADJ ON S AND PART OF LOTS 172, 173, 174, 175, 176, 177, 178 AND 179 TRACT NO 9766 AND PART OF BLK 69 SUB- DIVISION OF RANCHO PROVIDENCIA AND SCOTT TRACT AS PER BK 43 PG 47 TO 59 OF M R", 
L A CITY, ,2530038900,#N/A,208,LOS ANGELES,     ,8800,Miscellaneous,Government Owned Property, , ,TR=39730 LOT    A, 
L A CITY, ,2701001900,#N/A,16,LOS ANGELES,     ,8800,Miscellaneous,Government Owned Property, , ,"NORTHERN POR OF THE EX MISSION DE SAN FERNANDO SECTIONS, TOWNSHIP AND RANGE AS PER RS 57-19 TO 21   THAT PART DESC IN PAR 5 DOC # 1135, 3-29-68 OF S 1/2 OF SEC 33 AND SEC   34 T   3N R 16W", 
L A CITY, ,2701001902,#N/A,16,LOS ANGELES,     ,8800,Miscellaneous,Government Owned Property, , ,"NORTHERN POR OF THE EX MISSION DE SAN FERNANDO SECTIONS, TOWNSHIP AND RANGE AS PER RS 57-19 TO 21   THAT PART DESC IN PAR 18 DOC # 1135, 3-29-68 OF SEC   32 T   3N R 16W", 
L A CITY, ,2701001903,#N/A,16,LOS ANGELES,     ,8800,Miscellaneous,Government Owned Property, , ,"NORTHERN POR OF THE EX MISSION DE SAN FERNANDO SECTIONS, TOWNSHIP AND RANGE AS PER RS 57-19 TO 21   THAT PART DESC IN PAR 19 DOC # 1135, 3-29-68 OF SEC   32 T   3N R 16W", 
L A CITY, ,2701001904,#N/A,16,LOS ANGELES,     ,8800,Miscellaneous,Government Owned Property, , ,"NORTHERN POR OF THE EX MISSION DE SAN FERNANDO SECTIONS, TOWNSHIP AND RANGE AS PER RS 57-19 TO 21   THAT PART DESC IN PAR 20 DOC # 1135, 3-29-68 OF SEC   32 T   3N R 16W", 
L A CITY, ,2701001905,#N/A,16,LOS ANGELES,     ,8800,Miscellaneous,Government Owned Property, , ,"NORTHERN POR OF THE EX MISSION DE SAN FERNANDO SECTIONS, TOWNSHIP AND RANGE AS PER RS 57-19 TO 21   THAT PART DESC IN PAR 21 DOC # 1135, 3-29-68 OF SEC   32 T   3N R 16W", 
L A CITY, ,2701001906,#N/A,16,LOS ANGELES,     ,8800,Miscellaneous,Government Owned Property, , ,"NORTHERN POR OF THE EX MISSION DE SAN FERNANDO SECTIONS, TOWNSHIP AND RANGE AS PER RS 57-19 TO 21   THAT PART DESC IN PAR 22 DOC # 1135, 3-29-68 OF SEC   32 T   3N R 16W", 
L A CITY, ,2701001907,#N/A,16,LOS ANGELES,     ,8800,Miscellaneous,Government Owned Property, , ,"NORTHERN POR OF THE EX MISSION DE SAN FERNANDO SECTIONS, TOWNSHIP AND RANGE AS PER RS 57-19 TO 21   THAT PART DESC IN PAR 23 DOC # 1135, 3-29-68 OF SEC    5 T   2N R 16W", 
L A CITY, ,3025019900,#N/A,7030,unincorporated,     ,8800,Miscellaneous,Government Owned Property, , ,SE 1/4 OF NE 1/4 EX OF ST OF SEC   14 T   6N R 11W, 
L A CITY, ,3036011902,#N/A,4666,unincorporated,     ,8800,Miscellaneous,Government Owned Property, , ,FOR DESC SEE ASSESSOR'S POR OF NE 1/4 OF SEC 21 T5N R9W, 
L A CITY, ,3036012905,#N/A,4666,unincorporated,     ,8800,Miscellaneous,Government Owned Property, , ,TR=2759 LOTS 62 THRU 74 AND 79 THRU 85, 
L A CITY, ,3036012906,#N/A,4666,unincorporated,     ,8800,Miscellaneous,Government Owned Property, , ,TR=2759 LOTS 38 THRU 48 AND 54 THRU 61, 
L A CITY, ,3036012907,#N/A,4666,unincorporated,     ,8800,Miscellaneous,Government Owned Property, , ,TR=2759 LOT F, 
L A CITY, ,3036012908,#N/A,4666,unincorporated,     ,8800,Miscellaneous,Government Owned Property, , ,TR=2759 LOTS 26 THRU 37, 
L A CITY, ,4229002900,#N/A,67,LOS ANGELES,     ,8800,Miscellaneous,Government Owned Property, , ,RAFAEL AND ANDRES MACHADO TRACT LOT BD NW BY PRINCETON DR NE BY NE LINE OF RAFAEL AND ANDRES MACHADO TRACT S BY N LINE OF S P R R R/W AND SW BY THATCHER AVE, 
L A CITY, ,4309003900,#N/A,67,LOS ANGELES,     ,8800,Miscellaneous,Government Owned Property, , ,ARNAZ PROPERTY IN RANCHO RINCON DE LOS BUEYES LOT COM AT MOST W COR OF LOT 1 TR NO 13945 TH S 39¢03'40'' E 56.65 FT TH N 89¢42'49'' W TO A PT S 12¢46'55'' W FROM BEG TH N 12¢46'55'' E TO BEG PART OF VAC ST AND PART OF LOT    8, 
L A CITY, ,5039020912,#N/A,26,LOS ANGELES,     ,8800,Miscellaneous,Government Owned Property, , ,WEST LOS ANGELES SE 30 FT OF LOT 18 AND ALL OF LOT   19 BLK    Q, 
L A CITY, ,5581001905,#N/A,2530,BURBANK    ,     ,8800,Miscellaneous,Government Owned Property, , ,"LAND DES IN DOC 1990, 74-4-18 TRACT NO 9766   (EX OF ST) LOTS 181, 182, 183, 184, 185, 186, 187, 188, 189, 190, AND LOT  191", 
L A CITY, ,6067001900,#N/A,460,LOS ANGELES,     ,8800,Miscellaneous,Government Owned Property, , ,TRACT NO 3053 LOT ON NE LINE OF WILLOWBROOK AVE COM NW 38.26 FT FROM SW COR OF LOT 11 TH NW ON SD NE LINE 38.26 FT TH E 148.57 FT TH S 35 FT TH W 133.13 FT TO BEG PART OF LOT   11, 
L A CITY, ,6266026900,#N/A,3271,DOWNEY     ,     ,8800,Miscellaneous,Government Owned Property, , ,TRACT NO 27769 EX OF ST LOT   35, 
L A CITY, ,6266026902,#N/A,3271,DOWNEY     ,     ,8800,Miscellaneous,Government Owned Property, , ,TRACT NO 27769  THAT PART NE OF PARKCLIFF ST OF LOT   36, 
L A CITY, ,6266032900,#N/A,3271,DOWNEY     ,     ,8800,Miscellaneous,Government Owned Property, , ,TRACT NO 27769  THAT PART SW OF PARKCLIFF ST OF LOT   36, 
L A CITY, ,7469030900,#N/A,14,LOS ANGELES,     ,8800,Miscellaneous,Government Owned Property, , ,TRACT # 444 LOT COM AT MOST W COR OF LOT C TH S 80¢42' E 363.36 FT TH S 55¢33' E 364.07 FT TH S 53¢41' E 419.2 FT TH S 24¢40' E 344.27 FT TH S 5¢30'40'' W 231.49 FT TH S 16¢33'30'' E 227.31 FT TH S 59¢47'30'' E 706.94 FT TO W LINE OF TR # 3041 TH N THEREON 375.86 FT TO SW LINE OF PACIFIC AVE TH NW AND FOLLOWING SD AVE TO SE LINE OF ROXBURY ST TH SW THEREON TO BEG PART OF LOTS C AND LOT    D, 
LA CITY, ,8115001905,#N/A,6555,unincorporated,     ,8800,Miscellaneous,Government Owned Property, , ,TRACT NO 2377   LOT COM AT INTERSECTION OF SW LINE OF MOUNTAIN VIEW SCHOOL DIST AS IT EXISTED IN 1956 WITH S LINE OF LAND DESC IN OR 33776-263 TO U S GOVT TH SE ON SD SW LINE TO SE LINE OF T/L EASE AS DESC IN OR 14412-167 TH NE THEREON TO SD S LINE TH W THEREON TO BEG  PART OF LOT    3, 
L A CITY, ,8415019900,#N/A,2088,BALDWIN PARK,     ,8800,Miscellaneous,Government Owned Property, , ,TRACT # 23872 LOT   13, 
L A CITY, ,8644032903,#N/A,2663,GLENDORA   ,     ,8800,Miscellaneous,Government Owned Property, , ,"SUB OF THE RANCHO ADD TO SAN JOSE AND A PORTION OF THE RANCHO SAN JOSE   THAT PART DESC IN PAR 3 DOC NO 3055, 1-17-75 OF NE 1/4 OF NE 1/4 OF SEC    5 T   1S R  9W", 
L A CITY, ,8644032904,#N/A,2663,GLENDORA   ,     ,8800,Miscellaneous,Government Owned Property, , ,"SUB OF THE RANCHO ADD TO SAN JOSE AND A PORTION OF THE RANCHO SAN JOSE   THAT PART DESC IN PAR 3 DOC NO 3055, 1-17-75 OF NE 1/4 OF NE 1/4 OF SEC    5 T   1S R  9W", 
L A CITY HARBOR DEPT, ,7440038904,#N/A,14,LOS ANGELES,     ,8800,Miscellaneous,Government Owned Property, , ,PORT OF ANGELES MAP NO 1-1241*FOR DESC SEE ASSESSOR'S MAPS, 
L A CITY HOUSING AUTHORITY, ,5153020901,#N/A,12706,LOS ANGELES,     ,8800,Miscellaneous,Government Owned Property, , ,TRACT # 4270 LOT COM N 26¢06' E 41.25 FT AND S 63¢54' E 35 FT AND N 26¢06' E 150 FT AND S 63¢54' E 113.92 FT FROM INTERSECTION OF C/L OF 6 ST WITH NE PRO LONGATION OF C/L OF VALENCIA ST 70 FT WIDE PER TR # 750 TH N 26¢06' E TO SW LINE OF 4 ST TH SE THEREON AND SW ON NW LINE OF COLUMBIA AVE TO A PT S 63¢54' E FROM BEG TH N 63¢54' W TO BEG PART OF LOT    A, 
L A CITY HOUSING AUTHORITY, ,5173031901,#N/A,4,LOS ANGELES,     ,8800,Miscellaneous,Government Owned Property, , ,TRACT # 12658 LOT    3, 
L A CITY S BY S, ,2324019902,#N/A,13,LOS ANGELES,     ,8800,Miscellaneous,Government Owned Property, , ,TRACT # 16468 EX OF ST LOT   21, 
L A CITY S BY S, ,4238020900,#N/A,67,LOS ANGELES,     ,8800,Miscellaneous,Government Owned Property, , ,TRACT NO 9358 LOT   20 BLK    5, 
L A CITY S BY S, ,5024019901,#N/A,8841,LOS ANGELES,     ,8800,Miscellaneous,Government Owned Property, , ,TRACT NO 10023 LOT COM AT MOST E COR OF LOT 48 TH N 59¢05'45'' W 99.87 FT TH N 0¢25'12'' E 42.13 FT TH S 89¢43'40'' W 16.22 FT TH S 0¢16'20'' E 44.31 FT TH S 59¢05'45'' E 112.23 MORE OR LESS FT TO SE LINE OF SD LOT 48 TH NE THEREON 10 FT TO BEG PART OF LOTS 48 AND LOT    A, 
L A CITY S BY S, ,5454009900,#N/A,4,LOS ANGELES,     ,8800,Miscellaneous,Government Owned Property, , ,TRACT # 4085 LOT   34, 
LOS ANGELES CITY, ,7075001901,#N/A,5531,LONG BEACH ,     ,8800,Miscellaneous,Government Owned Property, , ,LOT EX T/L EASE COM AT MOST S COR OF LOT 30 TR NO 9265 TH N 70¢31'08'' W TO W LINE OF LOT 29 SD TR TH N ON SD W LINE AND N PROLONGATION THEREOF TO SW LINE OF CARSON ST TH SE THEREON TO N PRO- LONGATION OF E LINE OF SD LOT 30 TH S 6¢55'07'' E TO BEG PART OF SW 1/4 OF SEC 12 T 4S R 12W RANCHO LOS COYOTES SECTIONS TOWNSHIP AND RANGE AS PER PATENTS BK 1 PG 493-494 AND O R M 7425 PG 20-21 AND PART OF VAC ST AND ALL OF LOTS 29 AND 30 TR NO 9265, 
L A CITY DEPT OF WATER AND POWER, ,3089003900,#N/A,4666,unincorporated,     ,8800,Miscellaneous,Government Owned Property, , ,1.25 MORE OR LESS ACS W 1/2 OF NW 1/4 OF NW 1/4 OF NW 1/4 OF NE 1/4 OF SEC   22 T   5N R  8W,
L A CITY DEPT OF WATER AND POWER, ,5626015900,#N/A,4045,GLENDALE   ,     ,8800,Miscellaneous,Government Owned Property, , ,LICENSED SURVEYOR'S MAP AS PER BK 13 PG 5 OF L S EX OF STS LOT   14,
L A CITY DEPT OF WATER AND POWER, ,5626025900,#N/A,4045,GLENDALE   ,     ,8800,Miscellaneous,Government Owned Property, , ,"TRACT # 4593 EX OF ST LOTS 8,9 AND LOT   10",
L A CITY DEPT OF WATER AND POWER, ,7107002900,#N/A,7373,PARAMOUNT  ,     ,8800,Miscellaneous,Government Owned Property, , ,CALIFORNIA COOPERATIVE COLONY TRACT E 100 FT OF N 120 FT OF S 165 FT OF LOT    8 BLK   19,
L A CITY DEPT OF WATER AND POWER, ,7339009901,#N/A,1184,CARSON     ,     ,8800,Miscellaneous,Government Owned Property, , ,"TRACT NO 4671  LOT COM AT INTERSECTION OF NE LINE OF SAN DIEGO FRWY WITH W LINE OF LOT 103 TH N 0¢03' W 117.17 FT TH N 14¢21'44'' W 113.93 FT TH SE PARALLEL WITH SD NE LINE OF FRWY 862.29 FT TH S 3¢54'10'' W 107.91 FT TH S 40¢39'46'' E 235.63 FT TH N 83¢53'03'' E 58.35 FT TH S ON A CURVE CONCAVE TO W (R=1450 FT) 80.24 FT TH N 40¢39'46'' W 453.65 FT TH N 34¢33'09'' W 620.26 FT TO BEG  PART OF LOTS 78, 101, 102, 103 AND LOT  104",
L A CITY DEPT OF WATER AND POWER, ,8125001901,#N/A,9672,unincorporated,     ,8800,Miscellaneous,Government Owned Property, , ,TRACT NO 2377   LOT COM AT INTERSECTION OF NE LINE OF PELLISSIER RD WITH SE LINE OF SAN GABRIEL RIVER (PER F M 10872-2-3) TH SE ON SD NE LINE 169.13 FT TH NE ON NW LINE OF LA PUENTE MILL PROPERTY 883.4 FT TH NW 7.72 FT TO A PT NE ON SD SE LINE 895.74 FT AND S 65¢51'19'' E 186.18 FT FROM BEG TH N 65¢51'19'' W 186.18 FT TH SW ON SD NE LINE 895.74 FT TO BEG  PART OF LOT    4,
L A CITY DEPT OF WATER AND POWER, ,8564007900,#N/A,2179,INDUSTRY   ,     ,8800,Miscellaneous,Government Owned Property, , ,POR OF LOT 54 BLK   31 MR 59-4-9 AND POR OF RANCHO LA    PUENTE,
L A CITY DEPT OF WATER AND POWER, ,8632029900,#N/A,2031,GLENDORA   ,     ,8800,Miscellaneous,Government Owned Property, , ,TRACT NO 387 THAT PART OF LOT 10 NW OF BIG DALTON WASH PER FM20118-2,
L A CITY DEPT OF WATER AND POWER, ,8642018903,#N/A,5008,GLENDORA   ,     ,8800,Miscellaneous,Government Owned Property, , ,"SUB OF THE RANCHO ADD TO SAN JOSE AND A PORTION OF RANCHO SAN JOSE   THAT PART OF LAND DES IN PAR 2 DOC NO 3055, 1-17-75 OF NW 1/4 OF SEC    4 T   1S R  9W",
L A CITY HARBOR DEPT, ,7440041906,#N/A,14,LOS ANGELES,3720 STEPHEN M WHITE DR  LOS ANGELES CA  90731-7012,8800,Miscellaneous,Government Owned Property, , ,PORT OF ANGELES MAP NO 1-1241*FOR DESC SEE ASSESSOR'S MAPS, 
L A CITY, ,3025043900,#N/A,7033,unincorporated,VAC/50TH STE/VIC AVE O12  PALMDALE CA  93552,8800,Miscellaneous,Government Owned Property, , ,S 2 ACS OF E 1/2 OF E 1/2 OF NE 1/4 OF SE 1/4 (EX OF ST) OF SEC   16 T   6N R 11W, 
L A CITY, ,3025043901,#N/A,7033,unincorporated,VAC/50TH STE/VIC AVE O9  PALMDALE CA  93552,8800,Miscellaneous,Government Owned Property, , ,S 77.75 FT OF N 528 FT OF W 145 FT OF E 185 FT OF NE 1/4 OF NE 1/4 OF SE 1/4 OF SEC   16 T   6N R 11W, 
L A CITY, ,3025013900,#N/A,7063,unincorporated,VAC/75TH STE/VIC AVE N12  PALMDALE CA  93552,8800,Miscellaneous,Government Owned Property, , ,TRACT NO 8597 LOTS 53 AND LOT   54, 
L A CITY, ,3025014900,#N/A,7063,unincorporated,VAC/COR AVE O/72ND STE  PALMDALE CA  93552,8800,Miscellaneous,Government Owned Property, , ,TRACT NO 8597 LOT 52 AND EX OF ST LOTS 59 AND LOT   60, 
L A CITY DEPT OF WATER AND POWER, ,8661013907,#N/A,5063,SAN DIMAS  ,     ,8813,Miscellaneous,Government Owned Property,Rights of Way, ,M R 22-21-23 FOR DESC SEE ASSESSOR'S MAPS POR OF SE 1/4 OF SEC 34 T1N R9W,
L A CITY, ,2615004905,#N/A,16,LOS ANGELES,     ,8814,Miscellaneous,Government Owned Property,Rights of Way, ,TR=10072 POR OF LOTS 3 AND 5 AND ALL OF LOTS 2 AND       LOT 4   , 
L A CITY, ,2821002900,#N/A,1698,unincorporated,     ,8829,Miscellaneous,Government Owned Property,Government Services, ,LOT COM S ON E LINE OF SEC 25 T 3N R 17W 403.28 FT FROM E 1/4 COR OF SD SEC TH S ON SD E LINE 466.39 FT TH S 44¢49'37'' W 362.94 FT TH W 610 FT TH N 72¢12'31'' W 285.75 FT TH N 34¢43'20'' W 335.31 FT TH N 77¢30' W 221.55 FT TH N 12¢30' E 205 FT TH N 17¢30' W 305 FT TH S 71¢15' W 17 FT TH N 18¢45' W 196 FT TH N 70¢30' E 145 FT TH S 21¢20' E 85 FT TH S 58¢19' 13'' E 227.05 FT TH S 23¢37'46'' E 87.32 FT TH S 68¢11'55'' E 452.35 FT TH S 59¢30'43'' E 392.9 FT TH N 56¢13'48'' E 436 FT TH E 147 FT TH S 45¢21'20'' E 4.58 FT TO BEG PART OF SE 1/4 OF SEC   25 T   3N R 17W, 
L A CITY HARBOR DEPT, ,7440039911,#N/A,14,LOS ANGELES,210 WHALERS WALK  LOS ANGELES CA  90731,8850,Miscellaneous,Government Owned Property,Water Related Facilities, ,PORT OF ANGELES MAP NO 1-1241*FOR DESC SEE ASSESSOR'S MAPS, 
L A CITY, ,3023037901,#N/A,6919,PALMDALE   ,     ,8855,Miscellaneous,Government Owned Property,Water Related Facilities, ,TR=44585 LOT  201, 
L A CITY HARBOR DEPT, ,7440030906,#N/A,14,LOS ANGELES,444 S HARBOR BLVD  LOS ANGELES CA  90731-3333,8861,Miscellaneous,Government Owned Property,Transportation, ,PORT OF ANGELES MAP NO 1-1241*FOR DESC SEE ASSESSOR'S MAPS, 
L A CITY AIRPORT, ,2205006904,#N/A,16,LOS ANGELES,16700 ROSCOE BLVD  LOS ANGELES CA  91406-1100,8862,Miscellaneous,Government Owned Property,Transportation, ,"TR=1000 VAC ST ADJ ON N AND EX OF ST LOTS 587, 596", 
L A CITY, ,5041003900,#N/A,312,LOS ANGELES,1704 W JEFFERSON BLVD  LOS ANGELES CA  90018-3910,8899,Miscellaneous,Government Owned Property,Miscellaneous, ,ALDERSON AND SONS W JEFFERSON ST TRACT W 25 FT OFLOT 8 AND E 15 FT OF LOT    9 BLK    A, 
L A CITY, ,2821003901,#N/A,1698,unincorporated,     ,880V,Miscellaneous,Government Owned Property, , ,LOT COM N ON W LINE OF LOT 4 IN SEC 30 T 3N R 16W 824.22 FT FROM SW COR OF SD LOT TH N ON SD W LINE 466.39 FT TH S 45¢ 21'05'' E 110.68 FT TH S 314 FT TH S 44¢ 49'37'' W 105.17 FT TO BEG PART OF LOT 4 IN SEC   30 T   3N R 16W, 
L A CITY, ,5192026910,#N/A,842,VERNON     ,     ,880V,Miscellaneous,Government Owned Property, , ,TR=8626 FOR DESC SEE ASSESSOR'S MAPS UND 1/2 INT IN POR OF LOT 11, 
L A CITY, ,6240021904,#N/A,7273,PARAMOUNT  ,     ,880V,Miscellaneous,Government Owned Property, , ,"CLEARWATER UND 1/2 INT IN POR OF LOTS 7, 8,9,10 AND 11 BLK 27", 
L A CITY, ,6240024903,#N/A,7273,PARAMOUNT  ,     ,880V,Miscellaneous,Government Owned Property, , ,CLEARWATER UND 1/2 INT IN POR OF LOTS 7 THRU 12 BLK 46, 
L A CITY, ,6302009914,#N/A,10716,VERNON,     ,880V,Miscellaneous,Government Owned Property, , ,UND 1/2 INT IN POR OF NE 1/4 SEC 9 AND POR OF NW 1/4 SEC 10 T2S R13W, 
L A CITY, ,6318007902,#N/A,13483,HUNTINGTON PARK,     ,880V,Miscellaneous,Government Owned Property, , ,SAN ANTONIO RANCHO UND 1/2 INT IN POR OF SD RANCHO, 
L A CITY, ,7129011906,#N/A,4992,LONG BEACH ,     ,880V,Miscellaneous,Government Owned Property, , ,TR=5405 UND 1/2 INT IN 1/2 VAC ST ADJ ON E AND POR OF LOTS 170 THRU 175, 
L A CITY, ,7313033900,#N/A,11934,LONG BEACH ,     ,880V,Miscellaneous,Government Owned Property, , ,"INNER PORT TRACT S 20 FT OF LOT 45 AND EX OF ST LOT 46,47 AND LOT   48", 
L A CITY, ,7436029928,#N/A,5521,LONG BEACH ,     ,880V,Miscellaneous,Government Owned Property, , ,UND 1/2 IN IN POR LOT 13 TRACT NO 751 AND POR LOT 11 TRACT NO 7091, 
L A CITY, ,8383017901,#N/A,5063,SAN DIMAS  ,     ,880V,Miscellaneous,Government Owned Property, , ,*TR=34111 LOT   17, 
L A CITY, ,8383026903,#N/A,5063,SAN DIMAS  ,     ,880V,Miscellaneous,Government Owned Property, , ,*TR=24159 LOT   19, 
L A CITY DEPT OF WATER AND POWER, ,3047001902,#N/A,4651,unincorporated,     ,880V,Miscellaneous,Government Owned Property, , ,"*LAND DESC IN DOC 0893912,790813*POR OF NE 1/4 OF NW 1/4 OF NW 1/4 OF SEC   21 T   5N R 10W",
L A CITY DEPT OF WATER AND POWER, ,3047001903,#N/A,4651,unincorporated,     ,880V,Miscellaneous,Government Owned Property, , ,"*THAT POR LYING S OF LAND DESC IN DOC 893912,79-8-13 TO L A CITY DEPT OF WATER AND POWER AND E OF W 140 FT OF NE 1/4 OF NW 1/4 OF NW 1/4 OF SEC   21 T   5N R 10W",
L A CITY DEPT OF WATER AND POWER, ,8642019902,#N/A,5008,GLENDORA   ,     ,880V,Miscellaneous,Government Owned Property, , ,"SUB OF PT OF SECS 33 AND 34 T 1N R 9W AND PT OF SECS 4 AND 3 T 1S R 9W RANCHO SAN JOSE ADDITION   THAT PART OF LAND DES IN PAR 1 DOC NO 3055, 1-17-75 OF LOT   18",
L A CITY, ,3224034905,#N/A,9610,unincorporated,     ,8000,Miscellaneous,Privately Owned, , ,"LOT COM AT INTERSECTION OF S LINE OF SEC 21 T 7N R 14W WITH NW LINE OF LAND DESC IN DOC NO 3116, 5-19-75 TO FRANK A AND MARILYN CLOUGH TH NE ON SD NW LINE TO SW LINE OF CALIF AQUEDUCT (PER F M 21164-5) TH NW THEREON TO E LINE OF E 1/2 OF W 1/2 OF SE 1/4 OF SE 1/4 OF SD SEC TH S TO SD S LINE TH E TO BEG  PART OF SE 1/4 OF SE 1/4 OF SE 1/4 OF SEC   21 T   7N R 14W", 
LA CITY, ,6224036904,#N/A,630,CUDAHY     ,     ,8000,Miscellaneous,Privately Owned, , ,SAN ANTONIO RANCHO UND 1/2 INT IN POR OF SD RANCHO, 
LA CITY, ,7157039901,#N/A,4999,LONG BEACH ,     ,8500,Miscellaneous,Rights of Way, , ,TR=8084 UND 1/2 INT IN FOR DESC SEE ASSESSOR'S MAPS POR OF LOT 13, 
L A CITY, ,5192025900,#N/A,10716,VERNON,     ,8100,Miscellaneous,Utility, , ,SAN ANTONIO RANCHO UND 1/2 INT IN POR OF SD RANCHO, 
L A CITY, ,5192025902,#N/A,1106,unincorporated,     ,8100,Miscellaneous,Utility, , ,SAN ANTONIO RANCHO UND 1/2 INT IN POR OF SD RANCHO, 
L A CITY, ,5192026908,#N/A,818,VERNON     ,     ,8100,Miscellaneous,Utility, , ,TR=8626 FOR DESC SEE ASSESSOR'S MAPS UND 1/2 INT IN POR OF LOT 11, 
L A CITY, ,6025026902,#N/A,12068,unincorporated,     ,8100,Miscellaneous,Utility, , ,UND 1/2 INT IN POR OF NW 1/4 OF SEC 27 T2S R13W, 
L A CITY, ,6166014903,#N/A,2820,COMPTON    ,     ,8100,Miscellaneous,Utility, , ,TEMPLE AND GIBSON TR UND 1/2 INT IN POR OF LOT 2 REG 1, 
L A CITY, ,6166015904,#N/A,2820,COMPTON    ,     ,8100,Miscellaneous,Utility, , ,TEMPLE AND GIBSON TR UND 1/2 INT IN POR OF LOTS 2 AND 3 REG 1, 
L A CITY, ,6166016903,#N/A,2820,COMPTON    ,     ,8100,Miscellaneous,Utility, , ,TEMPLE AND GIBSON TR UND 1/2 INT IN POR OF LOT 3 REG 1, 
L A CITY, ,6167006900,#N/A,11252,COMPTON,     ,8100,Miscellaneous,Utility, , ,TEMPLE AND GIBSON TR RANGE 1 UND 1/2 INT IN POR OF LOT 1, 
L A CITY, ,6167006902,#N/A,11252,COMPTON,     ,8100,Miscellaneous,Utility, , ,TEMPLE AND GIBSON TR RANGE 1 UND 1/2 INT IN POR OF LOT 1, 
L A CITY, ,6167006904,#N/A,2800,COMPTON    ,     ,8100,Miscellaneous,Utility, , ,TEMPLE AND GIBSON TR RANGE 1 UND 1/2 INT IN POR OF LOT 1, 
L A CITY, ,6169032908,#N/A,11252,COMPTON,     ,8100,Miscellaneous,Utility, , ,SAN ANTONIO RANCHO UND 1/2 INT IN POR OF SD RANCHO, 
L A CITY, ,6169032910,#N/A,11252,COMPTON,     ,8100,Miscellaneous,Utility, , ,SAN ANTONIO RANCHO UND 1/2 INT IN POR OF SD RANCHO, 
L A CITY, ,6169032912,#N/A,11252,COMPTON,     ,8100,Miscellaneous,Utility, , ,SAN ANTONIO RANCHO UND 1/2 INT IN POR OF SD RANCHO, 
L A CITY, ,6169032914,#N/A,6529,LYNWOOD,     ,8100,Miscellaneous,Utility, , ,SAN ANTONIO RANCHO UND 1/2 INT IN POR OF SD RANCHO, 
L A CITY, ,6169032916,#N/A,6529,LYNWOOD,     ,8100,Miscellaneous,Utility, , ,SAN ANTONIO RANCHO UND 1/2 INT IN POR OF SD RANCHO, 
L A CITY, ,6169032918,#N/A,6073,LYNWOOD    ,     ,8100,Miscellaneous,Utility, , ,SAN ANTONIO RANCHO UND 1/2 INT IN POR OF SD RANCHO, 
L A CITY, ,6169032920,#N/A,6073,LYNWOOD    ,     ,8100,Miscellaneous,Utility, , ,SAN ANTONIO RANCHO UND 1/2 INT IN POR OF SD RANCHO, 
L A CITY, ,6170001902,#N/A,6081,LYNWOOD    ,     ,8100,Miscellaneous,Utility, , ,SAN ANTONIO RANCHO UND 1/2 INT IN POR OF SD RANCHO, 
L A CITY, ,6170001906,#N/A,6081,LYNWOOD    ,     ,8100,Miscellaneous,Utility, , ,SAN ANTONIO RANCHO UND 1/2 INT IN POR OF SD RANCHO, 
L A CITY, ,6170001908,#N/A,6081,LYNWOOD    ,     ,8100,Miscellaneous,Utility, , ,SAN ANTONIO RANCHO UND 1/2 INT IN POR OF SD RANCHO, 
L A CITY, ,6179001906,#N/A,2820,COMPTON    ,     ,8100,Miscellaneous,Utility, , ,UND 1/2 INT IN POR OF SD RO RANCHO SAN PEDRO AND POR OF LOT 6 BLK 8 COMPTON, 
L A CITY, ,6202036906,#N/A,12068,unincorporated,     ,8100,Miscellaneous,Utility, , ,UND 1/2 INT IN POR OF SW 1/4 OF SEC 27 T2S R13W, 
L A CITY, ,6202036908,#N/A,12038,unincorporated,     ,8100,Miscellaneous,Utility, , ,SAN ANTONIO RANCHO UND 1/2 INT IN POR OF SD RANCHO, 
L A CITY, ,6202036910,#N/A,12038,unincorporated,     ,8100,Miscellaneous,Utility, , ,SAN ANTONIO RANCHO UND 1/2 INT IN POR OF SD RANCHO, 
L A CITY, ,6202036912,#N/A,12038,unincorporated,     ,8100,Miscellaneous,Utility, , ,UND 1/2 INT IN POR OF SW 1/4 OF SEC 27 T2S R13W, 
L A CITY, ,6202039900,#N/A,12068,unincorporated,     ,8100,Miscellaneous,Utility, , ,UND 1/2 INT IN POR OF SW 1/4 OF SEC 27 T2S R13W, 
L A CITY, ,6202040902,#N/A,12068,unincorporated,     ,8100,Miscellaneous,Utility, , ,UND 1/2 INT IN POR OF SW 1/4 OF SEC 27 T2S R13W, 
L A CITY, ,6204033904,#N/A,1244,unincorporated,     ,8100,Miscellaneous,Utility, , ,SAN ANTONIO RANCHO UND 1/2 INT IN POR OF SD RANCHO, 
L A CITY, ,6204033906,#N/A,1244,unincorporated,     ,8100,Miscellaneous,Utility, , ,SAN ANTONIO RANCHO UND 1/2 INT IN POR OF SD RANCHO, 
L A CITY, ,6205031905,#N/A,1244,unincorporated,     ,8100,Miscellaneous,Utility, , ,SAN ANTONIO RANCHO UND 1/2 INT IN POR OF SD RANCHO, 
L A CITY, ,6205031907,#N/A,1244,unincorporated,     ,8100,Miscellaneous,Utility, , ,SAN ANTONIO RANCHO UND 1/2 INT IN POR OF SD RANCHO, 
L A CITY, ,6205031911,#N/A,4318,unincorporated,     ,8100,Miscellaneous,Utility, , ,SAN ANTONIO RANCHO UND 1/2 INT IN POR OF SD RANCHO, 
L A CITY, ,6205031913,#N/A,1244,unincorporated,     ,8100,Miscellaneous,Utility, , ,SAN ANTONIO RANCHO UND 1/2 INT IN POR OF SD RANCHO, 
L A CITY, ,6205031915,#N/A,1245,unincorporated,     ,8100,Miscellaneous,Utility, , ,SAN ANTONIO RANCHO UND 1/2 INT IN POR OF SD RANCHO, 
L A CITY, ,6207035902,#N/A,1408,LYNWOOD    ,     ,8100,Miscellaneous,Utility, , ,SAN ANTONIO RANCHO UND 1/2 INT IN POR OF SD RANCHO, 
L A CITY, ,6207036908,#N/A,1408,LYNWOOD    ,     ,8100,Miscellaneous,Utility, , ,SAN ANTONIO RANCHO UND 1/2 INT IN POR OF SD RANCHO, 
L A CITY, ,6207036910,#N/A,1245,unincorporated,     ,8100,Miscellaneous,Utility, , ,SAN ANTONIO RANCHO UND 1/2 INT IN POR OF SD RANCHO, 
L A CITY, ,6214031900,#N/A,588,HUNTINGTON PARK,     ,8100,Miscellaneous,Utility, , ,SAN ANTONIO RANCHO UND 1/2 INT IN POR OF SD RANCHO, 
L A CITY, ,6214031902,#N/A,588,HUNTINGTON PARK,     ,8100,Miscellaneous,Utility, , ,SAN ANTONIO RANCHO UND 1/2 INT IN POR OF SD RANCHO, 
L A CITY, ,6216009901,#N/A,664,SOUTH GATE ,     ,8100,Miscellaneous,Utility, , ,SAN ANTONIO RANCHO UND 1/2 INT IN POR OF SD RANCHO, 
L A CITY, ,6222001912,#N/A,1307,SOUTH GATE ,     ,8100,Miscellaneous,Utility, , ,D M 7-249 UND 1/2 INT IN POR OF SD RANCHO, 
L A CITY, ,6222001915,#N/A,1307,SOUTH GATE ,     ,8100,Miscellaneous,Utility, , ,SAN ANTONIO RANCHO UND 1/2 INT IN POR OF SD RANCHO, 
L A CITY, ,6222005904,#N/A,1307,SOUTH GATE ,     ,8100,Miscellaneous,Utility, , ,SAN ANTONIO RANCHO UND 1/2 INT IN POR OF SD RANCHO, 
L A CITY, ,6222036902,#N/A,15186,SOUTH GATE ,     ,8100,Miscellaneous,Utility, , ,SAN ANTONIO RANCHO UND 1/2 INT IN POR OF SAID RANCHO, 
L A CITY, ,6222036903,#N/A,664,SOUTH GATE ,     ,8100,Miscellaneous,Utility, , ,SAN ANTONIO RANCHO UND 1/2 INT IN POR OF SAID RANCHO, 
L A CITY, ,6222038900,#N/A,15186,SOUTH GATE ,     ,8100,Miscellaneous,Utility, , ,SAN ANTONIO RANCHO UND 1/2 INT IN POR OF SD RANCHO, 
L A CITY, ,6222040902,#N/A,3319,SOUTH GATE ,     ,8100,Miscellaneous,Utility, , ,SAN ANTONIO RANCHO UND 1/2 INT IN POR OF SD RANCHO, 
L A CITY, ,6222040904,#N/A,3334,SOUTH GATE ,     ,8100,Miscellaneous,Utility, , ,SAN ANTONIO RANCHO UND 1/2 INT IN POR OF SD RANCHO, 
L A CITY, ,6222040906,#N/A,3334,SOUTH GATE ,     ,8100,Miscellaneous,Utility, , ,SAN ANTONIO RANCHO UND 1/2 INT IN POR OF SD RANCHO, 
L A CITY, ,6222040908,#N/A,3334,SOUTH GATE ,     ,8100,Miscellaneous,Utility, , ,SAN ANTONIO RANCHO UND 1/2 INT IN POR OF SD RANCHO, 
LA CITY, ,6222040910,#N/A,3334,SOUTH GATE ,     ,8100,Miscellaneous,Utility, , ,SAN ANTONIO RANCHO UND 1/2 INT IN POR OF SD RANCHO, 
L A CITY, ,6222041901,#N/A,3319,SOUTH GATE ,     ,8100,Miscellaneous,Utility, , ,SAN ANTONIO RANCHO UND 1/2 INT IN POR OF SD RANCHO, 
LA CITY, ,6224036900,#N/A,630,CUDAHY     ,     ,8100,Miscellaneous,Utility, , ,SAN ANTONIO RANCHO UND 1/2 INT IN POR OF SD RANCHO, 
LA CITY, ,6224036902,#N/A,633,CUDAHY,     ,8100,Miscellaneous,Utility, , ,SAN ANTONIO RANCHO UND 1/2 INT IN POR OF SD RANCHO, 
L A CITY, ,6233026900,#N/A,15190,SOUTH GATE ,     ,8100,Miscellaneous,Utility, , ,SAN ANTONIO RANCHO UND 1/2 INT IN POR OF SD RANCHO, 
L A CITY, ,6234005903,#N/A,15190,SOUTH GATE ,     ,8100,Miscellaneous,Utility, , ,UND 1/2 INT IN POR OF LOT 2 M R 3-31 AND POR OF RO SANTA GERTRUDES, 
L A CITY, ,6234005904,#N/A,3319,SOUTH GATE ,     ,8100,Miscellaneous,Utility, , ,UND 1/2 INT IN POR OF RO SANTA GERTRUDES, 
L A CITY, ,6240013903,#N/A,7273,PARAMOUNT  ,     ,8100,Miscellaneous,Utility, , ,CLEARWATER UND 1/2 INT IN POR OF LOTS 6 THRU 10 BLK 3, 
L A CITY, ,6240016900,#N/A,7273,PARAMOUNT  ,     ,8100,Miscellaneous,Utility, , ,CLEARWATER UND 1/2 INT IN POR OF LOTS 7 THRU 12 BLK 22, 
L A CITY, ,6240021900,#N/A,7273,PARAMOUNT  ,     ,8100,Miscellaneous,Utility, , ,CLEARWATER UND 1/2 INT IN POR OF LOTS 7 THRU 12 BLK 27, 
L A CITY, ,6240024901,#N/A,7273,PARAMOUNT  ,     ,8100,Miscellaneous,Utility, , ,CLEARWATER UND 1/2 INT IN POR OF LOTS 7 THRU 12 BLK 46, 
LA CITY, ,6241016903,#N/A,7347,PARAMOUNT  ,     ,8100,Miscellaneous,Utility, , ,"M R 21-15-16 UND 1/2 INT IN POR LOTS 4 THRU 8,13,POR LOT KNOWN AS PARK BLK 8", 
LA CITY, ,6241017901,#N/A,7347,PARAMOUNT  ,     ,8100,Miscellaneous,Utility, , ,M R 21-15-16 UND 1/2 INT IN E 30 FT OF LOT 3 AND W 30 FT OF LOT 14 BLK 8, 
LA CITY, ,6241017903,#N/A,7349,PARAMOUNT  ,     ,8100,Miscellaneous,Utility, , ,"M R 21-15-16 UND 1/2 INT IN POR OF LOTS 1,2,15 AND 16 BLK 8", 
LA CITY, ,6242021900,#N/A,7349,PARAMOUNT  ,     ,8100,Miscellaneous,Utility, , ,M R 21-15-16 UND 1/2 INT IN POR OF LOTS 10 AND 11 BLK 3, 
LA CITY, ,6242021902,#N/A,7349,PARAMOUNT  ,     ,8100,Miscellaneous,Utility, , ,M R 21-15-16 UND 1/2 INT IN POR OF LOTS 9 THRU 12 BLK 3, 
LA CITY, ,6242021904,#N/A,7354,PARAMOUNT  ,     ,8100,Miscellaneous,Utility, , ,"M R 21-15-16 UND 1/2 INT IN POR OF LOTS 8,9,12 AND 13 BLK 3", 
LA CITY, ,6242021906,#N/A,7294,PARAMOUNT  ,     ,8100,Miscellaneous,Utility, , ,"M R 21-15-16 UND 1/2 INT IN POR OF LOTS 4 THRU 8,13 THRU 17 BLK 3", 
LA CITY, ,6242021908,#N/A,7294,PARAMOUNT  ,     ,8100,Miscellaneous,Utility, , ,"M R 21-15-16 UND 1/2 INT IN POR OF LOTS 1 THRU 4,17 AND 18 BLK 3", 
L A CITY, ,6243022900,#N/A,15191,SOUTH GATE ,     ,8100,Miscellaneous,Utility, , ,M R 2-234-235 UND 1/2 INT IN POR OF LOTS 10 AND 11, 
L A CITY, ,6243025900,#N/A,15191,SOUTH GATE ,     ,8100,Miscellaneous,Utility, , ,"M R 2-234-235 UND 1/2 INT IN POR OF LOTS 10,13 AND 14", 
LA CITY, ,6245016936,#N/A,3297,DOWNEY     ,     ,8100,Miscellaneous,Utility, , ,M R 32-18 UND 1/2 INT IN FOR DESC SEE ASSESSOR'S MAPS POR OF LOT C, 
LA CITY, ,6245016938,#N/A,3297,DOWNEY     ,     ,8100,Miscellaneous,Utility, , ,M R 32-18 UND 1/2 INT IN FOR DESC SEE ASSESSOR'S MAPS POR OF LOT C, 
L A CITY, ,6302009904,#N/A,10716,VERNON,     ,8100,Miscellaneous,Utility, , ,UND 1/2 INT IN POR OF NE 1/4 OF SEC 9 T2S R13W, 
L A CITY, ,6302009912,#N/A,10716,VERNON,     ,8100,Miscellaneous,Utility, , ,UND 1/2 INT IN POR OF NE 1/4 OF SEC 9 T2S R13W, 
LA CITY, ,6302011901,#N/A,10716,VERNON,     ,8100,Miscellaneous,Utility, , ,UND 1/2 INT IN FOR DESC SEE ASSESSOR'S MAPS POR OF E 1/2 OF SEC 9 T2S R13W, 
L A CITY, ,6304006906,#N/A,1106,unincorporated,     ,8100,Miscellaneous,Utility, , ,SAN ANTONIO RANCHO UND 1/2 INT IN POR OF SD RANCHO, 
L A CITY, ,6304027900,#N/A,10718,VERNON,     ,8100,Miscellaneous,Utility, , ,SAN ANTONIO RANCHO UND 1/2 INT IN POR OF SD RANCHO, 
L A CITY, ,6304029900,#N/A,10718,VERNON,     ,8100,Miscellaneous,Utility, , ,SAN ANTONIO RANCHO UND 1/2 INT IN POR OF SD RANCHO, 
L A CITY, ,6304029902,#N/A,1124,unincorporated,     ,8100,Miscellaneous,Utility, , ,SAN ANTONIO RANCHO UND 1/2 INT IN POR OF SD RANCHO, 
L A CITY, ,6304029904,#N/A,1124,unincorporated,     ,8100,Miscellaneous,Utility, , ,SAN ANTONIO RANCHO UND 1/2 INT IN POR OF SD RANCHO, 
LA CITY, ,6308015901,#N/A,10716,VERNON,     ,8100,Miscellaneous,Utility, , ,UND 1/2 INT IN FOR DESC SEE ASSESSOR'S MAPS POR OF W 1/2 OF SEC 15 T2S R13W, 
LA CITY, ,6310027900,#N/A,864,VERNON     ,     ,8100,Miscellaneous,Utility, , ,SAN ANTONIO RANCHO UND 1/2 INT IN POR OF SD RANCHO, 
LA CITY, ,6311028900,#N/A,641,MAYWOOD    ,     ,8100,Miscellaneous,Utility, , ,SAN ANTONIO RANCHO UND 1/2 INT IN POR OF SD RANCHO, 
LA CITY, ,6311028902,#N/A,910,unincorporated,     ,8100,Miscellaneous,Utility, , ,SAN ANTONIO RANCHO UND 1/2 INT IN POR OF SD RANCHO, 
LA CITY, ,6318007900,#N/A,13483,HUNTINGTON PARK,     ,8100,Miscellaneous,Utility, , ,SAN ANTONIO RANCHO UND 1/2 INT IN POR OF SD RANCHO, 
LA CITY, ,6318008900,#N/A,864,VERNON     ,     ,8100,Miscellaneous,Utility, , ,SAN ANTONIO RANCHO UND 1/2 INT IN POR OF SD RANCHO, 
LA CITY, ,6318010900,#N/A,864,VERNON     ,     ,8100,Miscellaneous,Utility, , ,SAN ANTONIO RANCHO UND 1/2 INT IN POR OF SD RANCHO, 
LA CITY, ,6324014900,#N/A,13483,HUNTINGTON PARK,     ,8100,Miscellaneous,Utility, , ,SAN ANTONIO RANCHO UND 1/2 INT IN POR OF SD RANCHO, 
LA CITY, ,6324014902,#N/A,516,BELL       ,     ,8100,Miscellaneous,Utility, , ,SAN ANTONIO RANCHO UND 1/2 INT IN POR OF SD RANCHO, 
LA CITY, ,6324014904,#N/A,588,HUNTINGTON PARK,     ,8100,Miscellaneous,Utility, , ,SAN ANTONIO RANCHO UND 1/2 INT IN POR OF SD RANCHO, 
L A CITY, ,7102013904,#N/A,7349,PARAMOUNT  ,     ,8100,Miscellaneous,Utility, , ,CLEARWATER UND 1/2 INT IN W 60 FT OF E 100 FT OF LOTS 7 THRU 12 BLK 51, 
L A CITY, ,7102023900,#N/A,7349,PARAMOUNT  ,     ,8100,Miscellaneous,Utility, , ,TR=10005 UND 1/2 INT IN VAC ST AND W 60 FT OF LOTS 1 AND 4, 
LA CITY, ,7113001903,#N/A,4992,LONG BEACH ,     ,8100,Miscellaneous,Utility, , ,"M R 21-15-16 UND 1/2 INT IN POR OF LOTS 1,2,3,14,15 AND 16 BLK 21", 
LA CITY, ,7113002904,#N/A,4992,LONG BEACH ,     ,8100,Miscellaneous,Utility, , ,M R 21-15-16 UND 1/2 INT IN POR OF LOTS 4 THRU 7 AND 10 THRU 13 BLK 21, 
LA CITY, ,7119002901,#N/A,4992,LONG BEACH ,     ,8100,Miscellaneous,Utility, , ,"M R 21-15-16 UND 1/2 INT IN POR OF LOTS 1 THRU 5,28 THRU 32 BLK 27", 
LA CITY, ,7119003901,#N/A,4992,LONG BEACH ,     ,8100,Miscellaneous,Utility, , ,M R 21-15-16 UND 1/2 INT IN POR OF LOTS 6 THRU 8 AND 25 THRU 27 BLK 27, 
LA CITY, ,7119019902,#N/A,4992,LONG BEACH ,     ,8100,Miscellaneous,Utility, , ,M R 21-15-16 UND 1/2 INT IN POR OF LOTS 9 THRU 24 BLK 27, 
LA CITY, ,7119020901,#N/A,4992,LONG BEACH ,     ,8100,Miscellaneous,Utility, , ,"M R 21-15-16 UND 1/2 INT IN POR OF LOTS 7,8,9 AND 10 BLK 21", 
LA CITY, ,7129009902,#N/A,4992,LONG BEACH ,     ,8100,Miscellaneous,Utility, , ,"UND 1/2 INT IN POR LOTS 160-163,MB 56-63 -64,POR VAC ST,POR LOTS 136-143 TR=5405", 
L A CITY, ,7129010903,#N/A,4992,LONG BEACH ,     ,8100,Miscellaneous,Utility, , ,TR=5405 UND 1/2 INT IN 1/2 VAC ST ADJ ON N AND W AND POR OF LOTS 152 THRU 157, 
LA CITY, ,7129015901,#N/A,4992,LONG BEACH ,     ,8100,Miscellaneous,Utility, , ,R F 595 UND 1/2 INT IN FOR DESC SEE ASSESSOR'S MAPS POR OF LOT B, 
L A CITY, ,7130015902,#N/A,4992,LONG BEACH ,     ,8100,Miscellaneous,Utility, , ,TR=5134 UND 1/2 INT IN FOR DESC SEE ASSESSOR'S MAPS, 
L A CITY, ,7130015903,#N/A,4992,LONG BEACH ,     ,8100,Miscellaneous,Utility, , ,TR=5134 UND 1/2 INT IN POR OF LOTS 2198 THRU 2205, 
L A CITY, ,7130016904,#N/A,4992,LONG BEACH ,     ,8100,Miscellaneous,Utility, , ,R F 595 UND 1/2 INT IN FOR DESC SEE ASSESSOR'S MAPS POR OF LOT A, 
L A CITY, ,7130016905,#N/A,4992,LONG BEACH ,     ,8100,Miscellaneous,Utility, , ,R F 595 UND 1/2 INT IN FOR DESC SEE ASSESSOR'S MAPS POR OF LOT A, 
L A CITY, ,7130021905,#N/A,4993,LONG BEACH ,     ,8100,Miscellaneous,Utility, , ,R F 595 UND 1/2 INT IN FOR DESC SEE ASSESSOR'S MAPS POR OF LOT B, 
L A CITY, ,7130021906,#N/A,4992,LONG BEACH ,     ,8100,Miscellaneous,Utility, , ,R F 595 UND 1/2 INT IN FOR DESC SEE ASSESSOR'S MAPS POR OF LOT B, 
L A CITY, ,7130021907,#N/A,4993,LONG BEACH ,     ,8100,Miscellaneous,Utility, , ,R F 595 UND 1/2 INT IN FOR DESC SEE ASSESSOR'S MAPS POR OF LOT B, 
LA CITY, ,7133007902,#N/A,4992,LONG BEACH ,     ,8100,Miscellaneous,Utility, , ,"TR=5134 UND 1/2 INT IN POR OF LOTS 2263, 2264 AND 2265", 
L A CITY, ,7133007903,#N/A,4992,LONG BEACH ,     ,8100,Miscellaneous,Utility, , ,TR=5134 UND 1/2 INT IN FOR DESC SEE ASSESSOR'S MAPS, 
L A CITY, ,7133009904,#N/A,4992,LONG BEACH ,     ,8100,Miscellaneous,Utility, , ,"TR=5134 UND 1/2 INT IN 1/2 VAC STS ADJ ON N,W AN POR OF LOTS 2281 THRU 2289", 
L A CITY, ,7133011902,#N/A,4992,LONG BEACH ,     ,8100,Miscellaneous,Utility, , ,"TR=5134 UND 1/2 INT IN POR VAC STS ADJ ON E,N AND POR OF LOTS 2280 AND 2330", 
L A CITY, ,7133011903,#N/A,4992,LONG BEACH ,     ,8100,Miscellaneous,Utility, , ,TR=3554 UND 1/2 INT IN FOR DESC SEE ASSESSOR'S MAPS POR OF LOTS 41 AND 42, 
L A CITY, ,7133016904,#N/A,4992,LONG BEACH ,     ,8100,Miscellaneous,Utility, , ,TR=10396 UND 1/2 INT IN FOR DESC SEE ASSESSOR'S MPS POR OF LOT 51, 
L A CITY, ,7133016905,#N/A,4992,LONG BEACH ,     ,8100,Miscellaneous,Utility, , ,DOMINGUEZ COLONY UND 1/2 INT IN POR OF LOT 6 BLK D, 
L A CITY, ,7133017907,#N/A,4969,LONG BEACH ,     ,8100,Miscellaneous,Utility, , ,DOMINGUEZ COLONY UND 1/2 INT IN POR OF LOT 7 BLK D, 
L A CITY, ,7133027901,#N/A,4992,LONG BEACH ,     ,8100,Miscellaneous,Utility, , ,"TR=10369 UND 1/2 INT IN LOTS 70,80,POR LOTS 68,69,71,72,78,79,81,82,STS,ALLEY", 
L A CITY, ,7133028903,#N/A,4992,LONG BEACH ,     ,8100,Miscellaneous,Utility, , ,"TR=10396 UND 1/2 INT IN STS,ALLEY,LOTS 87,94,POR LOTS 85,86,88,89,92,93,95,96", 
L A CITY, ,7133028904,#N/A,4992,LONG BEACH ,     ,8100,Miscellaneous,Utility, , ,"TR=10396 UND 1/2 INT IN LOTS 101,107,POR LOTS 100,102,103,108,109,113,STS,ALLEY", 
L A CITY, ,7133028905,#N/A,4992,LONG BEACH ,     ,8100,Miscellaneous,Utility, , ,TR=10396 UND 1/2 INT IN FOR DESC SEE ASSESSOR'S MAPS POR OF LOT 100, 
L A CITY, ,7133029901,#N/A,4992,LONG BEACH ,     ,8100,Miscellaneous,Utility, , ,L S 12-43 UND 1/2 INT IN FOR DESC SEE ASSESSOR'S MAPS, 
L A CITY, ,7134008902,#N/A,4992,LONG BEACH ,     ,8100,Miscellaneous,Utility, , ,TR=5134 UND 1/2 INT IN EX OF ST LOTS 2246 THRU 2252, 
L A CITY, ,7140014944,#N/A,4969,LONG BEACH ,     ,8100,Miscellaneous,Utility, , ,DOMINGUEZ COLONY UND 1/2 INT IN POR OF LOT 4 BLK 4, 
L A CITY, ,7140014945,#N/A,4969,LONG BEACH ,     ,8100,Miscellaneous,Utility, , ,UND 1/2 INT IN POR OF VAC ST ADJ POR OF LOT 4 BLK E DOMINGUEZ COLONY ON N, 
LA CITY, ,7157012905,#N/A,7211,LONG BEACH ,     ,8100,Miscellaneous,Utility, , ,M R 21-15-16 UND 1/2 INT IN POR OF LOTS 3 THRU 10 BLK 35, 
LA CITY, ,7157012906,#N/A,7213,LONG BEACH ,     ,8100,Miscellaneous,Utility, , ,"M R 21-15-16 UND 1/2 INT IN POR OF LOTS 1,2,11 AND 12 BLK 35", 
LA CITY, ,7157012907,#N/A,4999,LONG BEACH ,     ,8100,Miscellaneous,Utility, , ,TR=8084 UND 1/2 INT IN FOR DESC SEE ASSESSOR'S MAPS POR OF LOT 13, 
L A CITY, ,7157012908,#N/A,7211,LONG BEACH ,     ,8100,Miscellaneous,Utility, , ,M R 21-15-16 UND 1/2 INT IN POR OF LOTS 6 AND 7 BLK 35, 
LA CITY, ,7157039902,#N/A,5413,LAKEWOOD   ,     ,8100,Miscellaneous,Utility, , ,TR=8084 UND 1/2 INT IN FOR DESC SEE ASSESSOR'S MAPS POR OF LOT 13, 
L A CITY, ,7306001910,#N/A,2820,COMPTON    ,     ,8100,Miscellaneous,Utility, , ,RANCHO SAN PEDRO UND 1/2 INT IN POR OF SD RANCHO, 
L A CITY, ,7306001912,#N/A,2820,COMPTON    ,     ,8100,Miscellaneous,Utility, , ,RANCHO SAN PEDRO UND 1/2 INT IN POR OF SD RANCHO, 
L A CITY, ,7306001918,#N/A,2859,COMPTON    ,     ,8100,Miscellaneous,Utility, , ,RANCHO SAN PEDRO UND 1/2 INT IN POR OF SD RANCHO, 
L A CITY, ,7306001920,#N/A,2989,unincorporated,     ,8100,Miscellaneous,Utility, , ,RANCHO SAN PEDRO UND 1/2 INT IN POR OF SD RANCHO, 
L A CITY, ,7306015913,#N/A,2970,unincorporated,     ,8100,Miscellaneous,Utility, , ,RANCHO SAN PEDRO UND 1/2 INT IN POR OF SD RANCHO, 
L A CITY, ,7306015915,#N/A,2989,unincorporated,     ,8100,Miscellaneous,Utility, , ,RANCHO SAN PEDRO UND 1/2 INT IN POR OF SD RANCHO, 
L A CITY, ,7306015917,#N/A,2970,unincorporated,     ,8100,Miscellaneous,Utility, , ,RANCHO SAN PEDRO UND 1/2 INT IN POR OF SD RANCHO, 
L A CITY, ,7310013911,#N/A,4969,LONG BEACH ,     ,8100,Miscellaneous,Utility, , ,DOMINGUEZ COLONY UND 1/2 INT IN POR OF LOTS 3 AND 4 BLK E, 
L A CITY, ,7310014901,#N/A,10389,CARSON     ,     ,8100,Miscellaneous,Utility, , ,DOMINGUEZ COLONY UND 1/2 INT IN POR OF LOTS 3 AND 8 BLK F, 
L A CITY, ,7310014903,#N/A,5596,CARSON     ,     ,8100,Miscellaneous,Utility, , ,DOMINGUEZ COLONY UND 1/2 INT IN POR OF LOT 8 BLK F, 
L A CITY, ,7310014905,#N/A,423,LONG BEACH ,     ,8100,Miscellaneous,Utility, , ,DOMINGUEZ COLONY UND 1/2 INT IN POR OF LOT 8 BLK F, 
L A CITY, ,7314005901,#N/A,5501,LONG BEACH ,     ,8100,Miscellaneous,Utility, , ,TR=6756 UND 1/2 INT IN POR OF LOT A, 
L A CITY, ,7314008902,#N/A,5501,LONG BEACH ,     ,8100,Miscellaneous,Utility, , ,"LA SERENA UND 1/2 INT IN LOTS 8,9,10,31, 32,33,POR VAC STS,POR LOTS 7,30 BLK 1", 
L A CITY, ,7314009902,#N/A,5501,LONG BEACH ,     ,8100,Miscellaneous,Utility, , ,"LA SERENA UND 1/2 INT IN LOTS 2,3,4,23, 24,25,POR VAC STS,POR LOTS 1,22 BLK 2", 
L A CITY, ,7314014901,#N/A,5501,LONG BEACH ,     ,8100,Miscellaneous,Utility, , ,"LA SERENA UND 1/2 INT IN LOTS 2,3,4,23, 24,25,POR VAC STS,POR LOTS 1,22 BLK 3", 
L A CITY, ,7314015903,#N/A,11934,LONG BEACH ,     ,8100,Miscellaneous,Utility, , ,M R 4-406-407 UND 1/2 INT IN POR OF LOTS 6 AND 7, 
L A CITY, ,7315012901,#N/A,10390,CARSON     ,     ,8100,Miscellaneous,Utility, , ,DOMINGUEZ COLONY UND 1/2 INT IN POR OF LOT 6 BLK C, 
L A CITY, ,7315013900,#N/A,1072,CARSON     ,     ,8100,Miscellaneous,Utility, , ,C F 145 UND 1/2 INT IN POR OF SD RANCHO, 
L A CITY, ,7315013906,#N/A,1002,CARSON     ,     ,8100,Miscellaneous,Utility, , ,C F 145 UND 1/2 INT IN POR OF SD RANCHO, 
L A CITY, ,7315021902,#N/A,11934,LONG BEACH ,     ,8100,Miscellaneous,Utility, , ,UND 1/2 INT IN POR OF LOTS 18 AND 20 M R 4-406-407 AND POR OF C F 145, 
L A CITY, ,7315022902,#N/A,5501,LONG BEACH ,     ,8100,Miscellaneous,Utility, , ,"M R 4-406-407 UND 1/2 INT IN POR OF LOTS 31,32 AND 33", 
L A CITY, ,7315022903,#N/A,5501,LONG BEACH ,     ,8100,Miscellaneous,Utility, , ,C F 145 UND 1/2 INT IN POR MARIA DOLOREZ DOMINGUEZ DE WATSON 3365.95 AC ALLOT, 
L A CITY, ,7316024900,#N/A,10390,CARSON     ,     ,8100,Miscellaneous,Utility, , ,DOMINGUEZ COLONY UND 1/2 INT IN POR OF LOT 1 BLK C, 
L A CITY, ,7316024902,#N/A,10390,CARSON     ,     ,8100,Miscellaneous,Utility, , ,DOMINGUEZ COLONY UND 1/2 INT IN POR OF LOTS 1 AND 6 BLK 6, 
L A CITY, ,7316026901,#N/A,10391,CARSON,     ,8100,Miscellaneous,Utility, , ,DOMINGUEZ COLONY UND 1/2 INT IN POR OF LOT 1 BLK B, 
L A CITY, ,7316026905,#N/A,10391,CARSON,     ,8100,Miscellaneous,Utility, , ,DOMINGUEZ COLONY UND 1/2 INT IN POR OF LOT 6 BLK B, 
L A CITY, ,7317007901,#N/A,5572,LONG BEACH ,     ,8100,Miscellaneous,Utility, , ,TR=10644 UND 1/2 INT IN POR OF LOT 1, 
L A CITY, ,7317013901,#N/A,5572,LONG BEACH ,     ,8100,Miscellaneous,Utility, , ,UND 1/2 INT IN POR OF LOT 1 TR NO 10644 AND POR OF LOT 37 BLK 11 TR NO 5224, 
L A CITY, ,7317015901,#N/A,5572,LONG BEACH ,     ,8100,Miscellaneous,Utility, , ,UND 1/2 INT IN FOR DESC SEE ASSESSOR'S MAPS POR OF C F 145 AND POR O M 3-8-9, 
L A CITY, ,7318004913,#N/A,2820,COMPTON    ,     ,8100,Miscellaneous,Utility, , ,RANCHO SAN PEDRO UND 1/2 INT IN POR OF SD RANCHO, 
L A CITY, ,7318004915,#N/A,2820,COMPTON    ,     ,8100,Miscellaneous,Utility, , ,RANCHO SAN PEDRO UND 1/2 INT IN POR OF SD RANCHO, 
L A CITY, ,7318015903,#N/A,1114,CARSON,     ,8100,Miscellaneous,Utility, , ,ROBINSON'S SUB UND 1/2 INT IN POR OF LOTS IX AND X, 
L A CITY, ,7318015907,#N/A,1114,CARSON,     ,8100,Miscellaneous,Utility, , ,"ROBINSON'S SUB UND 1/2 INT IN POR OF LOTS V,VI,VII AND VIII", 
L A CITY, ,7318019902,#N/A,1576,unincorporated,     ,8100,Miscellaneous,Utility, , ,C F 145 UND 1/2 INT IN FOR DESC SEE ASSESSOR'S MAPS, 
L A CITY, ,7318019906,#N/A,2970,unincorporated,     ,8100,Miscellaneous,Utility, , ,C F 145 UND 1/2 INT IN FOR DESC SEE ASSESSOR'S MAPS, 
L A CITY, ,7318023903,#N/A,1576,unincorporated,     ,8100,Miscellaneous,Utility, , ,C F 145 UND 1/2 INT IN FOR DESC SEE ASSESSOR'S MAPS, 
L A CITY, ,7318023904,#N/A,1576,unincorporated,     ,8100,Miscellaneous,Utility, , ,C F 145 UND 1/2 INT IN FOR DESC SEE ASSESSOR'S MAPS, 
L A CITY, ,7429016904,#N/A,5521,LONG BEACH ,     ,8100,Miscellaneous,Utility, , ,UND 1/2 INT IN POR MANUEL DOMINGUEZ AND POR OF LOT W SEABRIGHT HARBOR TR, 
L A CITY, ,7436008912,#N/A,5521,LONG BEACH ,     ,8100,Miscellaneous,Utility, , ,RANCHO LOS CERRITOS UND 1/2 INT IN POR OF SD RANCHO, 
L A CITY, ,7436008913,#N/A,5521,LONG BEACH ,     ,8100,Miscellaneous,Utility, , ,RANCHO LOS CERRITOS UND 1/2 INT IN POR OF SD RANCHO, 
L A CITY, ,7436008914,#N/A,5521,LONG BEACH ,     ,8100,Miscellaneous,Utility, , ,RANCHO LOS CERRITOS UND 1/2 INT IN POR OF SD RANCHO, 
L A CITY, ,7436008915,#N/A,5521,LONG BEACH ,     ,8100,Miscellaneous,Utility, , ,RANCHO LOS CERRITOS UND 1/2 INT IN POR OF SD RANCHO, 
L A CITY, ,7436010908,#N/A,5521,LONG BEACH ,     ,8100,Miscellaneous,Utility, , ,RANCHO SAN PEDRO UND 1/2 INT IN POR OF SD RANCHO, 
L A CITY, ,7436010909,#N/A,5521,LONG BEACH ,     ,8100,Miscellaneous,Utility, , ,RANCHO LOS CERRITOS UND 1/2 INT IN POR OF SD RANCHO, 
LOS ANGELES CITY, ,6164001901,#N/A,2820,COMPTON    ,     ,8100,Miscellaneous,Utility, , ,TEMPLE AND GIBSON TR UND 1/2 INT IN POR OF LOTS 6 AND 7 REG 2, 
L A CITY DEPT OF WATER AND POWER, ,7336006901,#N/A,1184,CARSON     ,     ,8100,Miscellaneous,Utility, , ,TRACT NO 4671  (EX OF STS) LOT  100,
L A CITY DEPT OF WATER AND POWER, ,7336006903,#N/A,1184,CARSON     ,     ,8100,Miscellaneous,Utility, , ,"*TR=4671*LOT COM AT NW COR OF LAND DESC IN PAR 3 DOC NO 1958,062667 TO L A CITY TH N 60¢33'01'' E 155.04 FT TH S 20¢23' 10'' W 541.54 FT TH SW ON NW LINE OF FIGUEROA ST 46.30 FT TH N ON E LINE OF LOT 84,239.71 FT TH S 20¢23'10'' W 248.32 FT TH S PARALLEL WITH SD E LINE TO S LINE OF SD LOT TH W THEREON 76.88 FT TH NE ON SE LINE OF HARBOR FRWY TO BEG POR OF LOTS 83,84,98 AND LOT   99",
L A CITY DEPT OF WATER AND POWER, ,8564010901,#N/A,2221,unincorporated,     ,8100,Miscellaneous,Utility, , ,RANCHO LA PUENTE   LOT COM S 32¢15' W 13.58 FT AND N 57¢57' W 604.22 FT AND S 32¢19' W 157.51 FT FROM STA 7 O T BASSETT'S SUB OF THE WORKMAN TR TH S 2¢52'06'' E 394.27 FT TH S 32¢39' W 212.03 FT TH N 57¢57' W 120.02 FT TH N 32¢39' E 176 FT TH N 2¢52'06'' W 214.11 FT TH S 58¢13'13'' E TO A PT S 32¢19' W FROM BEG TH N 32¢19' E 184.9 FT TO BEG,
L A CITY, ,7310015905,#N/A,4969,LONG BEACH ,     ,8108,Miscellaneous,Utility, , ,DOMINGUEZ COLONY UND 1/2 INT IN POR OF LOT 8 BLK E, 
L A CITY, ,7310016905,#N/A,4969,LONG BEACH ,     ,8108,Miscellaneous,Utility, , ,DOMINGUEZ COLONY UND 1/2 INT IN POR OF LOTS 3 AND 8 BLK F, 
L A CITY, ,7315002903,#N/A,1002,CARSON     ,     ,810L,Miscellaneous,Utility, , ,RO SAN PEDRO UND 1/2 INT IN POR OF MARIA DOMINGUEZ DE WATSON, 
L A CITY, ,7315002907,#N/A,1002,CARSON     ,     ,810L,Miscellaneous,Utility, , ,RO SAN PEDRO POR OF MARIA DOLORES DOMINGUEZ DE WATSON 3365.95 AC ALLOT, 
L A CITY, ,7318015905,#N/A,10388,CARSON,     ,810L,Miscellaneous,Utility, , ,ROBINSON'S SUB UND 1/2 INT IN POR OF LOTS X THRU XII, 
L A CITY, ,7317001901,#N/A,423,LONG BEACH ,     ,810V,Miscellaneous,Utility, , ,DOMINGUEZ COLONY UND 1/2 INT IN POR OF LOT 8 BLK F, 
L A CITY, ,7317004903,#N/A,5572,LONG BEACH ,     ,810V,Miscellaneous,Utility, , ,UND 1/2 INT IN POR OF LOT 1 TR NO 10644 AND POR OF LOT 16 BLK 3 TR NO 5224, 
L A CITY DEPT OF WATER AND POWER, ,6366016906,#N/A,3282,DOWNEY     ,     ,810V,Miscellaneous,Utility, , ,"P 1-156-158 FOR LEGAL DESC SEE DOC 2261, 690805 AND DOC 205034,840217",
L A CITY DEPT OF WATER AND POWER, ,6366017905,#N/A,3282,DOWNEY     ,     ,810V,Miscellaneous,Utility, , ,"P 1-156-158 FOR LEGAL DESC SEE DOC 2261, 690805 AND DOC 205034,840217",
L A CITY, ,8602022900,#N/A,3611,DUARTE     ,     ,100,Residential,Single Family Residence, , ,*TR=35136 LOT   53, 
L A CITY DEPT OF WATER AND POWER, ,5269012900,#N/A,6330,MONTEBELLO ,     ,100,Residential,Single Family Residence, , ,SEE ASSESSORS MAPBOOK FOR MISSING PART,
L A CITY, ,2526004907,#N/A,1724,unincorporated,     ,109,Residential,Single Family Residence, ,Other Improvements Only,THAT POR IN TRA 1724 OF LOT 11 IN SEC 6 T2N R14W, 
L A CITY, ,2526004902,#N/A,1724,unincorporated,     ,010V,Residential,Single Family Residence, ,Vacant Land,LOT 1 IN SEC 6 T2N R14W, 
L A CITY, ,2526004903,#N/A,1724,unincorporated,     ,010V,Residential,Single Family Residence, ,Vacant Land,S 1/2 OF LOT 2 IN SEC 6 T2N R14W, 
L A CITY, ,2526004904,#N/A,1724,unincorporated,     ,010V,Residential,Single Family Residence, ,Vacant Land,THAT POR IN TRA 1724 OF LOT 8 IN SEC 6 T2N R14W, 
L A CITY, ,2526004905,#N/A,1724,unincorporated,     ,010V,Residential,Single Family Residence, ,Vacant Land,LOT 9 IN SEC 6 T2N R14W, 
L A CITY, ,2526004906,#N/A,1724,unincorporated,     ,010V,Residential,Single Family Residence, ,Vacant Land,LOT 10 IN SEC 6 T2N R14W, 
L A CITY, ,2701001915,#N/A,16,LOS ANGELES,     ,010V,Residential,Single Family Residence, ,Vacant Land,"P M 97-60-64 FOR LEGAL DESC SEE DOC 470251,890328 POR OF LOT C", 
L A CITY, ,2842003906,#N/A,328,SANTA CLARITA,     ,010V,Residential,Single Family Residence, ,Vacant Land,"LAND DESC IN DOC 0015129,840105*POR OF N 1/2 OF NE 1/4 OF SEC 31 T 4N R 15W", 
L A CITY, ,2846002901,#N/A,1693,unincorporated,     ,010V,Residential,Single Family Residence, ,Vacant Land,FOR DESC SEE ASSESSOR'S MAPS POR OF S 1/2 OF SE 1/4 OF SEC 36 T3N R15W, 
L A CITY, ,2846003901,#N/A,1703,unincorporated,     ,010V,Residential,Single Family Residence, ,Vacant Land,E 1/2 OF N 1/2 OF LOT 17 IN SE 1/4 OF SE 1/4 OF SEC 31 T3N R14W, 
L A CITY, ,2846003902,#N/A,1703,unincorporated,     ,010V,Residential,Single Family Residence, ,Vacant Land,S 1/2 OF LOT 17 IN SE 1/4 OF SE 1/4 OF SEC 31 T3N R14W, 
L A CITY, ,2846003903,#N/A,1703,unincorporated,     ,010V,Residential,Single Family Residence, ,Vacant Land,W 5 ACS OF N 10 ACS OF LOT 17 IN SEC 31 T3N R14W, 
L A CITY, ,4459006902,#N/A,10864,MALIBU,     ,010V,Residential,Single Family Residence, ,Vacant Land,"R F 534 LAND DESC IN DOC 0751946,950509 POR OF LOT 5", 
L A CITY, ,5581001907,#N/A,2530,BURBANK    ,     ,010V,Residential,Single Family Residence, ,Vacant Land,TR=9766 EX OF FLOOD CONTROL EASEMENT L A RIVER CHANNEL LOT, 
L A CITY, ,7543001906,#N/A,7112,PALOS VERDES ESTATES,     ,010V,Residential,Single Family Residence, ,Vacant Land,*TR=32253 LOT   12, 
L A CITY, ,7543001907,#N/A,7112,PALOS VERDES ESTATES,     ,010V,Residential,Single Family Residence, ,Vacant Land,*TR=32253 LOT   13, 
L A CITY, ,7543001908,#N/A,7112,PALOS VERDES ESTATES,     ,010V,Residential,Single Family Residence, ,Vacant Land,*TR=32253 LOT   14, 
L A CITY HOUSING AUTHORITY, ,6060018901,#N/A,1220,unincorporated,     ,010V,Residential,Single Family Residence, ,Vacant Land,ORIGINAL SUNNYSIDE EX OF ALLEY LOT 96, 
L A CITY HOUSING AUTHORITY, ,6150015901,#N/A,6857,unincorporated,     ,010V,Residential,Single Family Residence, ,Vacant Land,TR=1410 1/2 VAC ST ADJ ON E AND EX OF ST LOT 46, 
L A CITY HOUSING AUTHORITY, ,6150016901,#N/A,6857,unincorporated,     ,010V,Residential,Single Family Residence, ,Vacant Land,TR=1410 1/2 VAC ST ADJ ON E AND W AND POR OF LOTS 33 THRU 36, 
L A CITY HOUSING AUTHORITY, ,6150016902,#N/A,6857,unincorporated,     ,010V,Residential,Single Family Residence, ,Vacant Land,TR=1410 FOR DESC SEE ASSESSOR'S MAPS POR OF VAC ST AND POR OF LOTS 34 AND 35, 
L A CITY HOUSING AUTHORITY, ,6150017901,#N/A,6857,unincorporated,     ,010V,Residential,Single Family Residence, ,Vacant Land,TR=1410 1/2 VAC ST ADJ ON W AND POR OF LOTS 17 AND 18, 
L A CITY HOUSING AUTHORITY, ,6150017902,#N/A,6857,unincorporated,     ,010V,Residential,Single Family Residence, ,Vacant Land,TR=1410 FOR DESC SEE ASSESSOR'S MAPS POR OF VAC ST AND POR OF LOT 17, 
