row	Park Property	Sub-Park Name	Address	City	Zip	Rgn.	CD 1	CD 2	CD 3	Acreage	Sub Acreage	Board Report #	Acquisition Date	Thomas Guide	Former/Alternate Name	APN	Comments	Part ofÌä
1	1ST AND BROADWAY CIVIC CENTER PARK		217 W. 1ST STREET			   M	14			1.96				634 F-3, G-3				
2	6TH & GLADYS STREET PARK		824 E. 6TH ST.			M	14			0.34				634-G5		5147-029-901		
3	11th AVENUE PARK                         (unofficial name) 		6116 11TH AVENUE			P	8			0.27				673-F6				
4	49TH STREET POCKET PARK		670 E. 49TH ST.			P	9			0.19				674-D4				
5	61ST STREET POCKET PARK		139-141 E. 61ST STREET.			P	9			0.12				674-C6				
6	76TH STREET POCKET PARK 		833 W. 76TH ST.			P	8			0.13				704-B4				
7	97TH STREET POCKET PARK 		554 W. 97TH ST.			P	8			0.13				704-B4				
8	98TH STREET PARK		AVALON BLVD & WADSWORTH AVE.			P	8			5.35								
9	105TH STREET POCKET PARK		609 W. 105TH ST.			P	8			0.11				704-B5				
10	109TH STREET RECREATION CENTER		1464 E. 109TH ST.			P	15			3.17				704-F6		6070-004-900		
11	111TH PLACE POCKET PARK		207 E. 111TH PL.			P	8			0.09				704-D6				
12	1171-1177 MADISON AVENUE  (E. HOLLYWOOD PUBLIC GARDEN)		1171-1177 MADISON AVE. 			M	13			0.56				594-A5				
13	4600 ORCHARD AVENUE POCKET PARK		4600 ORCHARD AVE.			P	9			0.14				674-B-4				
14	4916 SOUTH MCKINLEY AVENUE POCKET PARK		4916 AND 4916 1/2 S. MCKINLEY AVE.			P	9			0.11				674-E4				
15	ALBION RIVERSIDE PARK		1739 ALBION ST.			M	1			6				634-J1				
16	ALISO CANYON PARK		18041 RINALDI ST.			V	12			60.45				480-J7		2870-010-901 		Part of Porter Ranch
16	ALISO CANYON PARK		18041 RINALDI ST.			V	12			60.45				480-J7		2601-033-904		Part of Porter Ranch
16	ALISO CANYON PARK		18041 RINALDI ST.			V	12			60.45				480-J7		2601-033-903		Part of Porter Ranch
16	ALISO CANYON PARK		18041 RINALDI ST.			V	12			60.45				480-J7		2601-033-902		Part of Porter Ranch
16	ALISO CANYON PARK		18041 RINALDI ST.			V	12			60.45				480-J7		2601-033-901		Part of Porter Ranch
16	ALISO CANYON PARK		18041 RINALDI ST.			V	12			60.45				480-J7		2601-033-900		Part of Porter Ranch
16	ALISO CANYON PARK		18041 RINALDI ST.			V	12			60.45				480-J7		2601-034-907		Part of Porter Ranch
16	ALISO CANYON PARK		18041 RINALDI ST.			V	12			60.45				480-J7		2601-034-906		Part of Porter Ranch
16	ALISO CANYON PARK		18041 RINALDI ST.			V	12			60.45				480-J7		2601-034-905 		Part of Porter Ranch
16	ALISO CANYON PARK		18041 RINALDI ST.			V	12			60.45				480-J7		2601-034-904		Part of Porter Ranch
16	ALISO CANYON PARK		18041 RINALDI ST.			V	12			60.45				480-J7		2870-009-901 		Part of Porter Ranch
17	ALISO CREEK						3			1.8								
18	ALISO TRIANGLE		1304 PLEASANT AVE.			M	14			0.04				634-J3		5174-015-900		
19	ALISO-PICO RECREATION CENTER		370 S. CLARENCE ST.			M	14			0.23				634-J4		5172-021-900		
20	ALIZONDO DRIVE PARK		22103 ALIZONDO DR.			V	3			6.65				560-A5		2173-015-900		
20	ALIZONDO DRIVE PARK		22103 ALIZONDO DR.			V	3			6.65				560-A5		2173-015-901		
21	ALMA PARK		W. 21ST & MEYLER STS.			P	15			2.26				824-A7		7462-026-900		
22	ALPINE RECREATION CENTER		817 YALE ST.			M	1			1.94				634-G2		5407-021-902		
23	ALVARADO TERRACE PARK		1342 S. ALVARADO TERRACE			M	1			0.91				634-B5		5135-004-900		
24	AMISTAD POCKET PARK                              (formerly KAGEL POCKET PARK)		13116 W. KAGEL CANYON ST.			V	7			0.14				502-D4				
25	AMOROSO TRIANGLE		AMOROSO PL. BTWN. OAKWOOD/SHELL AVES.			P	11			0.03				671-J5		4241-028-900		
25	AMOROSO TRIANGLE		AMOROSO PL. BTWN. OAKWOOD/SHELL AVES.			P	11			0.03				671-J5		4241-028-901		
25	AMOROSO TRIANGLE		AMOROSO PL. BTWN. OAKWOOD/SHELL AVES.			P	11			0.03				671-J5		4241-028-902		
25	AMOROSO TRIANGLE		AMOROSO PL. BTWN. OAKWOOD/SHELL AVES.			P	11			0.03				671-J5		4241-028-903		
25	AMOROSO TRIANGLE		AMOROSO PL. BTWN. OAKWOOD/SHELL AVES.			P	11			0.03				671-J5		4241-028-904		
25	AMOROSO TRIANGLE		AMOROSO PL. BTWN. OAKWOOD/SHELL AVES.			P	11			0.03				671-J5		4241-028-905		
25	AMOROSO TRIANGLE		AMOROSO PL. BTWN. OAKWOOD/SHELL AVES.			P	11			0.03				671-J5		4241-028-906		
26	ANDERSON MEMORIAL SENIOR CITIZEN CENTER		828 S. MESA ST.			P	15			1.62				824-C5		7455-010-903		
27	ANDRES PICO ADOBE		10940 N. SEPULVEDA BLVD.			V	7			2.2				501-H2		2615-001-900		
28	ANGELES MESA PARK		4726 8TH AVE.			P	8			0.15				673-F4		5014-011-900		
29	ANGELS GATE PARK		3601 S. GAFFEY ST.			P	15			70.44				854-B2		7469-018-904		
29	ANGELS GATE PARK		3601 S. GAFFEY ST.			P	15			70.44				854-B2		7469-018-902		
29	ANGELS GATE PARK		3601 S. GAFFEY ST.			P	15			70.44				854-B2		7469-018-903		
30	ARROYO SECO PARK		5568 VIA MARISOL			M	14			85.97				595-D3		5493-038-900		
30	ARROYO SECO PARK		5568 VIA MARISOL			M	14			85.97				595-D3		5493-038- 270		
30	ARROYO SECO PARK		5568 VIA MARISOL			M	14			85.97				595-D3		5493-037-900		
30	ARROYO SECO PARK		5568 VIA MARISOL			M	14			85.97				595-D3		5311-001-900		
30	ARROYO SECO PARK		5568 VIA MARISOL			M	14			85.97				595-D3		5312-001-900		
30	ARROYO SECO PARK		5568 VIA MARISOL			M	14			85.97				595-D3		5312-006-900		
30	ARROYO SECO PARK		5568 VIA MARISOL			M	14			85.97				595-D3		5312-007-900		
30	ARROYO SECO PARK		5568 VIA MARISOL			M	14			85.97				595-D3		5301-001-900		
30	ARROYO SECO PARK		5568 VIA MARISOL			M	14			85.97				595-D3		5301-002-901		
30	ARROYO SECO PARK		5568 VIA MARISOL			M	14			85.97				595-D3		5301-002-900		
30	ARROYO SECO PARK		5568 VIA MARISOL			M	14			85.97				595-D3		5302-006-900		
30	ARROYO SECO PARK		5568 VIA MARISOL			M	14			85.97				595-D3		5302-001-900		
30	ARROYO SECO PARK		5568 VIA MARISOL			M	14			85.97				595-D3		5302-002-901		
30	ARROYO SECO PARK		5568 VIA MARISOL			M	14			85.97				595-D3		5302-002-900		
30	ARROYO SECO PARK		5568 VIA MARISOL			M	14			85.97				595-D3		5302-031-903		
30	ARROYO SECO PARK		5568 VIA MARISOL			M	14			85.97				595-D3		5304-025-902		
30	ARROYO SECO PARK		5568 VIA MARISOL			M	14			85.97				595-D3		5304-018-901		
30	ARROYO SECO PARK		5568 VIA MARISOL			M	14			85.97				595-D3		5304-019-900		
30	ARROYO SECO PARK		5568 VIA MARISOL			M	14			85.97				595-D3		5304-020-901		
30	ARROYO SECO PARK		5568 VIA MARISOL			M	14			85.97				595-D3		5304-021-900		
30	ARROYO SECO PARK		5568 VIA MARISOL			M	14			85.97				595-D3		5305-001-910		
30	ARROYO SECO PARK		5568 VIA MARISOL			M	14			85.97				595-D3		5304-022-901		
30	ARROYO SECO PARK		5568 VIA MARISOL			M	14			85.97				595-D3		5304-023-903		
30	ARROYO SECO PARK		5568 VIA MARISOL			M	14			85.97				595-D3		5304-024-900		
30	ARROYO SECO PARK		5568 VIA MARISOL			M	14			85.97				595-D3		5303-015-901		
30	ARROYO SECO PARK		5568 VIA MARISOL			M	14			85.97				595-D3		5303-015-900		
30	ARROYO SECO PARK		5568 VIA MARISOL			M	14			85.97				595-D3		5303-016-900		
30	ARROYO SECO PARK		5568 VIA MARISOL			M	14			85.97				595-D3		5303-017-900		
30	ARROYO SECO PARK		5568 VIA MARISOL			M	14			85.97				595-D3		5303-018-902		
30	ARROYO SECO PARK		5568 VIA MARISOL			M	14			85.97				595-D3		5303-019-902		
30	ARROYO SECO PARK		5568 VIA MARISOL			M	14			85.97				595-D3		5303-020-905		
30	ARROYO SECO PARK		5568 VIA MARISOL			M	14			85.97				595-D3		5303-021-900		
30	ARROYO SECO PARK		5568 VIA MARISOL			M	14			85.97				595-D3		5303-022-900		
30	ARROYO SECO PARK		5568 VIA MARISOL			M	14			85.97				595-D3		5303-025-900		
30	ARROYO SECO PARK		5568 VIA MARISOL			M	14			85.97				595-D3		5303-023-903		
30	ARROYO SECO PARK		5568 VIA MARISOL			M	14			85.97				595-D3		5303-010-900		
30	ARROYO SECO PARK		5568 VIA MARISOL			M	14			85.97				595-D3		5303-011-900		
31	* Sub-Park (Arroyo Seco Park)	SAN PASQUAL PARK	934 N. SAN PASCUAL AVE.			M	14				13.36			595-D3				
32	* Sub-Park (Arroyo Seco Park)	HERMON DOG PARK	5566 VIA MARISOL			M	14				2.21			595-D3				
33	* Sub-Park (Arroyo Seco Park)	HERMON PARK	5566 VIA MARISOL			M	14				22.43			595-D3				
34	ARTS DISTRICT PARK		501 S. HEWITT ST.			M	14			0.5				634-H5				
35	ASCOT HILLS PARK		4371 MULTNOMAH ST.			M	14			92.44				635-D1				
36	AVALON-SAN PEDRO  PARK		4025 AVALON BLVD.			P	9			0.94				674-D2		5113-002-901		
37	AVERILL PARK		1300 DODSON AVE.			P	15			10.75				823-J6		7560-023-900		
38	BALDWIN HILLS RECREATION CENTER		5401 HIGHLIGHT PL.			W	10			10.87				673-B1		5047-014-900		
39	BANDINI CANYON PARK		430 N. BANDINI ST.			P	15			4.97				824-A4		7447-008-901		
40	BANNING PARK.		1331 N. EUBANK AVE.			P	15			21.09				794-F5		7422-017-900		
41	BANNING HIGH SCHOOL POOL		1450 N. AVALON BLVD.			P	15			0.5				794-E4		7422-009-913	Leased From LAUSD; RECREATION & Parks Owns the Pool	
42	BARNSDALL PARK		4800 W. HOLLYWOOD BLVD.			M	13			14.59				594-A4		5543-009-900		
42	BARNSDALL PARK		4800 W. HOLLYWOOD BLVD.			M	13			14.59				594-A4		5543-009-902		
42	BARNSDALL PARK		4800 W. HOLLYWOOD BLVD.			M	13			14.59				594-A4		5543-012-900		
42	BARNSDALL PARK		4800 W. HOLLYWOOD BLVD.			M	13			14.59				594-A4		5543-010-900		
42	BARNSDALL PARK		4800 W. HOLLYWOOD BLVD.			M	13			14.59				594-A4		5543-011-901		
43	BARRINGTON RECREATION CENTER		333 S. BARRINGTON AVE.			P	11			18.64				631-H3		4401-009-900		
44	* Sub-Park (Barrington Rec Ctr)	BARRINGTON DOG PARK	333 S. BARRINGTON AVE.			P	11				1.56			631-H3		4401-009-900		
45	BEE CANYON PARK		17301 SESNON BLVD.			V	12			22.21				481-C4		2602-007-901		
45	BEE CANYON PARK		17301 SESNON BLVD.			V	12			22.21				481-C4		2602-006-900		
45	BEE CANYON PARK		17301 SESNON BLVD.			V	12			22.21				481-C4		2602-023-900		
46	BELL CANYON PARK 		24544 W. BELL CANYON RD.			V	12			122.78				529-C5		2031-009-906		
47	BELLAIRE AVENUE PARK		7960 N. BELLAIRE AVE.			V	2			0.14				532-E2				
48	BELLEVUE RECREATION CENTER		826 N. LUCILLE AVE.			M	13			9.11				594-B6		5427-018-900		
48	BELLEVUE RECREATION CENTER		826 N. LUCILLE AVE.			M	13			9.11				594-B6		5427-018-901		
49	BERNSON (HOLLEIGH) MEMORIAL PARK		20500 W. SESNON BLVD.			V	12			12.51				480-D6				
50	BEVERLY GLEN PARK		2448 N. ANGELO DR.                          			W	5			85.74				592-B2		4382-029-900		
50	BEVERLY GLEN PARK		2448 N. ANGELO DR.                          			W	5			85.74				592-B2		4382-029-903		
50	BEVERLY GLEN PARK		2448 N. ANGELO DR.                          			W	5			85.74				592-B2		4382-029-901		
50	BEVERLY GLEN PARK		2448 N. ANGELO DR.                          			W	5			85.74				592-B2		4379-014-903		
51	BOGDANOVICH (MARTIN J.) RECREATION CENTER		1920 W. CUMBRE DR.			P	15			13.52				823-H6	FORMERLY SAN PEDRO PARK	7561-025-902	Formerly San Pedro Park	
52	BOYAR (MAE) RECREATION CENTER		23936 HIGHLANDER RD.			V	12			2.23				529-E6		2028-028-900		
53	BOYLE HEIGHTS  SPORTS CENTER		933 S. MOTT ST.			M	14			8.48				635-A6		5189-008-901		
53	BOYLE HEIGHTS  SPORTS CENTER		933 S. MOTT ST.			M	14			8.48				635-A6		5189-008-908		
53	BOYLE HEIGHTS  SPORTS CENTER		933 S. MOTT ST.			M	14			8.48				635-A6		5189-010-911		
53	BOYLE HEIGHTS  SPORTS CENTER		933 S. MOTT ST.			M	14			8.48				635-A6		5189-010-920		
53	BOYLE HEIGHTS  SPORTS CENTER		933 S. MOTT ST.			M	14			8.48				635-A6		5189-010-922		
53	BOYLE HEIGHTS  SPORTS CENTER		933 S. MOTT ST.			M	14			8.48				635-A6		5189-010-924		
54	BRAND PARK		15174 W. SAN FERNANDO MISSION BLVD.			V	7			17.71				501-H2		2664-003-903		
55	BRANFORD PARK                   		13310 W. BRANFORD ST.			V	6			13.38				502-D7		2627-008-902	Not sure of exact location of child care CENTER,  RECREATION CENTER, and park	
56	BRIARWOOD PARK		461 ALMADEN COURT			V	5			10.75				592-A2		4382-029-902		
57	BROADWAY PARK		5207 S. BROADWAY			P	9			0.13				674-C5				
58	BROWNS CREEK PARK		BROWNS CANYON RD.			V	12			51.99				480-B7		2701-002-901		Part of Porter Ranch
58	BROWNS CREEK PARK		BROWNS CANYON RD.			V	12			51.99				480-B7		2701-002-902		Part of Porter Ranch
58	BROWNS CREEK PARK		BROWNS CANYON RD.			V	12			51.99				480-B7		2701-002-903		Part of Porter Ranch
58	BROWNS CREEK PARK		BROWNS CANYON RD.			V	12			51.99				480-B7		2821-019-903		Part of Porter Ranch
59	BUENA VISTA PARK		S. E. CORNER OF WARNER BLVD. & CATALINA ST.			M	4			8.71				563-F4				
60	BUNDY TRIANGLE		1500 S. BUNDY DR.			P	11			0.22				631-H6				
61	BURNS (ROBERT L.) PARK		4900 W. BEVERLY BLVD.			M	4			1.68				633-G1		5516-007-900		
62	CABALLERO CREEK		2450 S. TRINITY ST.			V	3			1.53				674-E1				
63	CABRILLO BEACH		3800 STEPHEN M. WHITE DR.			P	15			40.07				854-C2				
64	CAHUENGA PEAK PHASE I		3698 W. WONDER VIEW DR.			M	4			120.91				563-F6				
65	CAHUENGA PEAK PHASE II		3698 W. WONDER VIEW DR.			M	4			16.59				563-F6				
66	CAMPO DE CAHUENGA		3919 N. LANKERSHIM BLVD.			V	4			0.73				563-B6		2423-037-900		
67	CANAL PARK		401 LINNIE CANAL WALK			P	11			0.13				671-H6		4227-006-900		
68	CANOGA PARK SENIOR CITIZEN CENTER		7326 N. JORDAN AVE.			V	3			0.77				530-A4		2111-013-900		
68	CANOGA PARK SENIOR CITIZEN CENTER		7326 N. JORDAN AVE.			V	3			0.77				530-A4		2111-013-901		
68	CANOGA PARK SENIOR CITIZEN CENTER		7326 N. JORDAN AVE.			V	3			0.77				530-A4		2111-013-902		
69	CAPLOW PROPERTY		20856 MULHOLLAND DR.			V	3			16.96				593-C2				
70	CARDENAS (ANDRES AND MARIA) RECREATION CENTER		14740 W. BLYTHE ST.			V	6			0.7				531-J3		2210-021-900		
70	CARDENAS (ANDRES AND MARIA) RECREATION CENTER		14740 W. BLYTHE ST.			V	6			0.7				531-J3		2210-021-901		
70	CARDENAS (ANDRES AND MARIA) RECREATION CENTER		14740 W. BLYTHE ST.			V	6			0.7				531-J3		2210-021-902		
71	CAREY RANCH PARK		15035 W. CRESTKNOLL DR.			V	7			23.8				481-H7		2611-034-901		
71	CAREY RANCH PARK		15035 W. CRESTKNOLL DR.			V	7			23.8				481-H7		2611-034-900		
71	CAREY RANCH PARK		15035 W. CRESTKNOLL DR.			V	7			23.8				481-H7		2611-030-903		
71	CAREY RANCH PARK		15035 W. CRESTKNOLL DR.			V	7			23.8				481-H7		2611-038-901		
71	CAREY RANCH PARK		15035 W. CRESTKNOLL DR.			V	7			23.8				481-H7		2611-038- 900		
72	CARLTON WAY PARK		5927 W. CARLTON WAY.			G	13			0.19				593-G4				
73	CARTHAY CIRCLE PARK		6313 S. SAN VICENTE BLVD.			M	5			0.97				633-A2		5088-014-022		
73	CARTHAY CIRCLE PARK		6313 S. SAN VICENTE BLVD.			M	5			0.97				633-A2		5088-015-900		
73	CARTHAY CIRCLE PARK		6313 S. SAN VICENTE BLVD.			M	5			0.97				633-A2		5088-018-901		
73	CARTHAY CIRCLE PARK		6313 S. SAN VICENTE BLVD.			M	5			0.97				633-A2		5088-018-908		
73	CARTHAY CIRCLE PARK		6313 S. SAN VICENTE BLVD.			M	5			0.97				633-A2		5088-018-904		
73	CARTHAY CIRCLE PARK		6313 S. SAN VICENTE BLVD.			M	5			0.97				633-A2		5088-016-900		
74	CASTLE PEAK PARK		24220 W. CLARINGTON DR.			V	12			3.09				529-D4		2027-039-900		
75	CENTRAL AVENUE JAZZ PARK		4222 S. CENTRAL AVE.			P	9			0.19				674-E3	CENTRAL AVE. POCKET PARK; RENAMED BY BOARD IN 2000			
76	CENTRAL RECREATION CENTER		1357 E. 22ND ST.                  			P	9			1.45				674-F1				
77	CHASE PARK		22525 W. CHASE ST.			V	12			5.97				529-H2				
78	CHATSWORTH AND DE SOTO		10650 N. DE SOTO AVE.			V	12			1.6				500-C3				
79	CHATSWORTH OAKS PARK		9301 N. VALLEY CIRCLE BLVD.			V	12			2.9				499-G6				
80	CHATSWORTH PARK, NORTH		22300 W. CHATSWORTH ST.			V	12			24.15				499-J3				
81	CHATSWORTH PARK, SOUTH		22360 W. DEVONSHIRE ST.			V	12			73.07				499-H3				
82	* Sub-Park (Chatsworth Park, South)	MINNIE HILL PALMER HOUSE/HOMESTEAD ACRE	22360 DEVONSHIRE ST.			V	12				1.54			499-H3				
83	CHATSWORTH RESERVOIR SITE		8751-9461 VALLEY CIRCLE BLVD.			V	12			149.54				499-G7				
84	CHESTERFIELD SQUARE PARK		1950 W. 54TH ST.			P	8			1.89				673-H5				
85	CHEVIOT HILLS PARK		2551 S. MOTOR AVE.			W	5			40				632-F5				
86	   * Sub-Park (Cheviot Hills Park)	RANCHO PARK GOLF COURSE	10460 W. PICO BLVD.			P	5				140.14			632-E5				
87	CHEVY CHASE PARK		4165 E. CHEVY CHASE DR.			M	13			2.44				564-D6				
88	CIRCLE PARK (5TH AVE.)		76TH ST. AT GRAMERCY PL			P	8			0.17				703-G1				
89	CIRCLE PARK (GRAMERCY)		1975 W. 76TH ST.                                			P	8			0.17				703-H1				
90	CITY HALL PARK		200 N. SPRING ST.			M	14			1.71				634-G3				
91	CLELAND AVENUE BICENTENNIAL PARK		4800 E. CLELAND AVE.			M	1			0.92				595-A2				
92	CLEVELAND HIGH SCHOOL POOL		8120 N. VANALDEN AVE.			V	12			0.79				530-G3				
93	CLUB CIRCLE PARK		2890 CLUB DR. 			P	5			0.3				632-F6				
94	COHASSET-MELBA PARK		7449 N. MELBA AVE.			V	12			2				529-F4	INFORMALLY CALLED FOUR OAKS PARK			
95	COLDWATER CANYON PARK		12601 N. MULHOLLAND DR.			V	2			41.16				562-F7				
96	COLUMBUS AND TUPPER						7			0.29								
97	COMMUNITY BUILD YOUTH CENTER EXPANSION		8742 & 8750 S. VERMONT AVE.			P	8			0.21				704-A2				
98	CORBIN CANYON PARK		CONCORD AVE & LOWELL AVE.			V	3			40.51				560-E4				
99	COSTANSO FIRE STATION 84 PARK (formerly OLD FIRE STATION 84 POCKET PK)		5340 CANOGA AVE.			V	3			0.36				560-B2				
100	COUNTRY CLUB PARK HERITAGE PLAZA       (formerly WILTON PLACE PARK)		1015 S. WILTON PL.			W	10			0.08				633-G4				
101	CRESCENT PLACE TRIANGLE		1646 S. CRESCENT PL.              			P	11			0.02				671-J5				
102	CRESTWOOD HILLS PARK		1000 N. HANLEY AVE.			P	11			15.78				631-E1				
103	CULVER/SLAUSON PARK		5070 S. SLAUSON AVE.			P	11			3.27				672-F5				
104	CURTIS (ROLLAND) PARK		1287 W. 38TH PLACE			P	8			0.09				673-J2				
105	CYPRESS PARK LIBRARY		3320 E. PEPPER AVE.			M	1			0.18				594-J5				
106	CYPRESS RECREATION CENTER		2630 E. PEPPER AVE.			M	1			3.49				594-J5				
107	DANIELS (RALPH C.) FIELD SPORTS CENTER		845 W. 12TH ST.			P	15			3.59				824-B6				
108	DECKER CANYON CAMP		3133 S. DECKER CANYON RD				NA			18.46				626-C5				
109	DE GARMO PARK		10145 W. ARMINTA ST.			V	2			1.64				533-B2	FORMERLY THE BURBANK WESTERN SYSTEM CHANNEL OF THE L. A. COUNTY FLOOD CONTROL DIST.			
110	DE LONGPRE PARK		1350 N. CHEROKEE AVE.			M	4			1.37				593-E5				
111	DE NEVE SQUARE PARK		314 S. BEVERLY GLEN BLVD.			P	5			0.61				592-C7				
112	DEARBORN PARK		17141 W. NORDHOFF ST.			V	12			9.12				501-C7				
113	DEBS (ERNEST E.) REGIONAL PARK		4235 N. MONTEREY RD.			M	1	14		318.62				595-C4				
114	* Sub-Park (DEBS (ERNEST E.) Reg Pk)	ROSE HILL PARK	3606 N. BOUNDARY AVE.			M	14				25.83			595-C6				
115	DEERVALE - STONE CANYON PARK		14890 VALLEY VISTA BLVD.			V	4			79.4				561-J6				
116	DEL REY LAGOON		6660 S. ESPLANADE PL.			W	11			10.99				702-A3				
117	DELANO RECREATION CENTER		15100 W. ERWIN ST.			V	6			4.45				531-H7				
118	DENKER AND TORRANCE POCKET PARK		1490 W. TORRANCE BLVD.			P	15			0.15				763-J5				
119	DENKER RECREATION CENTER 		1550 W. 35TH PLACE			P	8			2.81				673-J1				
120	DEVONSHIRE/ARLETA PARK		14215 W. DEVONSHIRE ST.			V	6			1.82				502-A4				
121	DEVONWOOD PARK		10230 N. WOODMAN AVE.			V	7			4.84				501-J4				
122	DIXON (JULIAN C.) PARK		4800 S. HOOVER ST.			P	9			0.96				674-B4				
123	DOCKWEILER (ISIDORE B.) STATE BEACH		8255 S. VISTA DEL MAR			P	11			228.31				702-B5				
124	DOWNEY RECREATION CENTER		1772 N. SPRING ST.			M	1			4.52				634-J1				
125	* Sub-Park (Downey Rec Ctr)	DOWNEY POOL	1775 N. SPRING ST.			M	1				1.04			634-J1				
126	DREW ST.		3304 N. DREW ST.			G	13			0.11				594-G-1				
127	DRUM BARRACKS  CIVIL WAR MUSEUM		1052 N. BANNING BLVD.			P	15			0.54				794-F6				
128	* Sub-Park (Drum Barracks Civil War Museum)         (expansion-banning lots)	"DBCWM ""Warren Property Addition"" (Unofficial Name)"	1037-1041 N. BANNING BLVD. 			P	15			0.39				794-F6				
129	E STREET		121 E. E STREET				15			0.11				794-E7				
130	EAGLE ROCK CITY HALL		2035 W. COLORAD0 BLVD.			M	14			0.32				565-A6				
131	EAGLE ROCK HILLSIDE PARK		N. OF VENTURA FWY.,                 S. OF VALLE VISTA			M	14			27.58				565-B4				
132	EAGLE ROCK HISTORICAL LANDMARK		701-717 W. EAGLE ROCK VIEW DR.			M	14			2.17				565-D5				
133	EAGLE ROCK RECREATION CENTER		1100 W. EAGLE VISTA DR.			M	14			20.68				565-D5				
134	EAST LOS ANGELES (ELA) PARK		3160 E. MINNESOTA ST.			M	1			0.32				595-B1				
135	EAST WILMINGTON GREENBELT COMMUNITY CENTER		918 N. SANFORD AVE.			P	15			0.85				794-G6				
136	EAST WILMINGTON VEST-POCKET PARK		"1300 E. ""O"" ST."			P	15			0.13				794-G4				
137	ECHO PARK		751 N. ECHO PARK BLVD.			M	13			28.41				634-E1				
138	ECHO PARK (DEEP) POOL		1419 W. COLTON ST.			M	1			2.07				634-E2				
139	EDDLESTON PARK		11820 N. RESEDA BLVD.			V	12			6.31				480-J7				
140	EL DORADO AVENUE PARK		11349 N. EL DORADO AVE.			V	7			1.18				502-B1				
141	EL ESCORPION PARK		6801 N. SUNSET RIDGE CT.			V	12			61.29				529-C5				
142	EL PASEO DE CAHUENGA PARK		3300 N. CAHUENGA BLVD.			V	4			1.29				563-C7				
143	EL PUEBLO DE  LOS ANGELES  HISTORIC MONUMENT		845 N. ALAMEDA ST.			M	14			2.03				634-G3				
144	* Sub-Park (El Pueblo de LA His Mon)	LOS ANGELES PLAZA PARK	125 E. PASEO DE LA PLAZA			M	14				0.8			634-G3				
145	EL SERENO ARROYO PLAYGROUND		CONCORD AVE & LOWELL AVE.			M	14			0.82			1/23/12	595-G7				
146	EL SERENO COMMUNITY GARDEN		5450 E. HUNTINGTON DR.			M	14			0.77				595-G5				
147	EL SERENO NORTH PARK		4410 N. GARDEN HOMES AVE.			M	14			3.08				595-F4				
148	EL SERENO RECREATION CENTER		4721 E. KLAMATH ST.			M	14			13.94				595-E7				
149	EL SERENO SENIOR CITIZEN CENTER		4818 E. KLAMATH PLACE			M	14			0.91				595-E7				
150	ELYSIAN PARK		929 W. ACADEMY RD.			M	1			544.71				594-F7				
151	* Sub-Park (Elysian Park)	ELYSIAN PARK - RIVERSIDE EXPANSION	1800 W. RIVERSIDE DR.			M	13				18.34			594-F7				
152	ELYSIAN VALLEY RECREATION CENTER		1811 W. RIPPLE ST.			M	13			1.99				594-F4				
153	ENCINO PARK		16953 W. VENTURA BLVD			V	5			5.27				561-D3				
154	* Sub-Park (Encino Park )	ENCINO COMMUNITY CENTER	4935 N. BALBOA BLVD.			V	5				0.93			561-D3				
155	* Sub-Park (Encino Park )	ENCINO WOMEN'S CLUB	4924 N. PASO ROBLES AVE.			V	5				0.26			561-D3				
156	EVERETT PARK		1010 N. EVERETT ST.                          			M	1			0.53				634-F1				
157	EVERGREEN RECREATION CENTER 		2839 E. 4TH ST.			M	14			6.66				635-B5				
158	EXPO CENTER		3980 MENLO AVE.			P	9			6.65				674-A2				
159	EXPOSITION PARK ROSE GARDEN		701 W. STATE DR.			P	9			10.39				674-B2				
160	EXPO-WESTWOOD NEIGHBORHOOD GREENWAY		WESTWOOD BLVD & OVERLAND AVE.			M	5			0.8								
161	FAIRFAX SENIOR CITIZEN CENTER		7929 W. MELROSE AVE.			M	5			0.38				593-B6				
162	FEHLHABER-HOUK  PARK		9521 N. TUJUNGA CANYON BLVD.			V	7			1.16				504-C6				
163	FERNANGELES RECREATION CENTER		8851 N. LAUREL CANYON BLVD.			V	6			9.26				532-F1				
164	FINN (HOWARD) PARK		7747 W. FOOTHILL BLVD.                           			V	7			3.66				503-J3				
165	FOX AND LAUREL		14353 W. FOX ST.			V	7			0.38				502-A2				
166	FRANCIS AVENUE COMMUNITY GARDEN		2909 W. FRANCIS AVENUE			M	1			0.15				634-A3				
167	FREMONT HIGH SCHOOL POOL		7630 S. TOWNE AVE.			P	9			0.64				704-D1				
168	FULTON AVENUE PARK		FULTON AVE & VANOWEN ST.			V	2			0.39				532-D5				
169	GAFFEY STREET FIELD OF DREAMS		501 W. WESTMONT DR.			P	15			17.8				824-A2				
170	GAGE AND AVALON TRIANGLE POCKET PARK		6301-6309 S. AVALON BLVD			P	9			0.34				674-D6				
171	GAGE AND WESTERN PARK		1734 GAGE AVE.				8			0.15	 			673-H6				
172	GARCIA (MSGR. RAMON D.) RECREATION CENTER		1016 S. FRESNO ST.			M	14			6.49				635-B7				
173	GARVANZA PARK		6240 E. MERIDIAN ST.			M	14			5.59				595-E1				
174	GATEWAY TRIANGLE		LADERA DR. AT SUNSET BLVD.			P	5			0.04				592-D7				
175	GENESEE AVENUE PARK		2330 S. GENESEE AVE.			P	10			0.75				633-A6				
176	GIBSON (JOHN S., JR.) PARK		550 N. HARBOR BLVD. 			P	15			0.88				824-C5				
177	GILLIAM (JIM) CHILD CARE, RECREATION CENTER		4000 S. LA BREA AVE.			P	10			17.63				673-C2				
178	GLASSELL PARK		3650 N. VERDUGO RD.			M	1			12.69				594-H2				
179	GLEN ALLA PARK		4601 S. ALLA RD.			P	11			4.82				672-C6				
180	GLENHURST PARK		2932 W. GLENHURST AVE.			M	13			0.29				594-E3				
181	GONZALES (DAVID M.) RECREATION CENTER		10943 N. HERRICK AVE.			V	7			6.8				502-E3				
182	GRANADA HILLS PARK		16730 W. CHATSWORTH ST.			V	12			17.76				501-D3				
183	GRANADA HILLS YOUTH RECREATION CENTER		13100 N. BALBOA BLVD.			V	12			18.22				481-D4				
184	GRAPE STREET POCKET PARK		10726 S. GRAPE ST.			P	15			0.12				704-H5				
185	GREAYER'S OAK PARK		3711 N. FIGUEROA ST. 			M	1			0.6				595-A5				
186	GREEN MEADOWS RECREATION CENTER		431 E. 89TH ST.			P	9			7.64				704-D3				
187	GRIFFITH PARK		4730 N. CRYSTAL SPRINGS DR.			L	4			4281.73				563-H6				
188	* Sub-Park (Griffith Park )	GRIFFITH PARK:                           CENTRAL SERVICE YARD	3900 E. CHEVY CHASE DRIVE			L	13				28.36			564-C7				
189	* Sub-Park (Griffith Park )	GRIFFITH PARK:                                BETTE DAVIS PICNIC AREA	RANCHO AVE. & RIVERSIDE DR.			L	4				17			563-J3				
190	* Sub-Park (Griffith Park )	"GRIFFITH PARK.:                                
BOYS CAMP"	4730 N. CRYSTAL SPRINGS DR.			L	4				6			563-J6				
191	* Sub-Park (Griffith Park )	GRIFFITH PARK.:                             BRONSON CYN.	3200 N. CANYON DR.			L	4				74.41			593-G1				
192	* Sub-Park (Griffith Park )	GRIFFITH PARK.:                                    DOG PARK	5105 W. ZOO DRIVE			L	4				1.23			564-B4				
193	* Sub-Park (Griffith Park )	GRIFFITH PARK:  HARDING GOLF COURSE	4730 N. CRYSTAL SPRINGS DR.			L	4				138.77			564-B5				
194	* Sub-Park (Griffith Park )	"GRIFFITH PARK.:
HOLLYWOODLAND GIRLS CAMP"	3200 N.  CANYON DR.			L	4				10.23			563-H7				
195	* Sub-Park (Griffith Park )	GRIFFITH PARK.:                                            L. A. LIVE STEAMERS	5202 W. ZOO DR.			L	4				3.8			563-J4				
196	* Sub-Park (Griffith Park )	GRIFFITH PARK:  TRAVEL TOWN TRANSPORTATION MUSEUM	5200 W. ZOO DR.			L	4				10.38			563-J4				
197	* Sub-Park (Griffith Park )	"GRIFFITH PARK:
L. A. EQUESTRIAN CENTER"	500 RIVERSIDE DR.			L	4				67.29			563-H3				
198	* Sub-Park (Griffith Park )	"GRIFFITH PARK.:
LAKE HOLLYWOOD PARK"	3160 N. CANYON DR.			L	4				2.42			563-H7				
199	* Sub-Park (Griffith Park )	GRIFFITH PARK:  LOS FELIZ GOLF COURSE	3207 W. LOS FELIZ BLVD.			L	13				11.83			594-C1				
200	* Sub-Park (Griffith Park )	GRIFFITH PARK:  NORTH ATWATER PARK	3900 N. CHEVY CHASE DR.			L	13				5.36			564-C6				
201	* Sub-Park (Griffith Park )	GRIFFITH PARK.:                                            POLLYWOG AREA	AT REESE PL. & W. VALLEY HEART DR.			L	4				12.73			563-G3				
202	* Sub-Park (Griffith Park )	GRIFFITH PARK:  ROOSEVELT GOLF COURSE	2650 N. VERMONT AVE.			L	4				55.56			594-A1				
203	* Sub-Park (Griffith Park )	GRIFFITH PARK:  WILSON GOLF COURSE	4730 N. CRYSTAL SPRINGS DR.			L	4				181.2			564-B6				
204	GRIGSBY POCKET PARK		1816 E. 115th STREET			P	15			0.28				704-G6				
205	HAINES CANYON PARK		7021 W. ARAMA AVE.			V	7			52.38				504-A6				
206	HANSEN DAM RECREATION AREA		11770 W. FOOTHILL BLVD.			V	7			1449.54				502-H2				
207	* Sub-Park (Hansen Dam Rec Area)	HANSEN DAM GOLF COURSE	11770 W. FOOTHILL BLVD.			V	7				193.97			502-H2				
208	* Sub-Park (Hansen Dam Rec Area)	LAKE VIEW TERRACE RECREATION CENTER	11075 W. FOOTHILL BLVD.			V	7				9.81			502-J1				
209	* Sub-Park (Hansen Dam Rec Area)	HANSEN DAM QUARRY LAKE				V					112.33							
210	HARBOR CITY PARK		24901 S. FRAMPTON AVE.			P	15			11.07				794-A4				
211	HARBOR HIGHLANDS PARK		825 W. CAPITOL DR.			P	15			3.24				824-A2				
212	HARBOR VIEW MEMORIAL PARK		601 W. 24TH ST.			P	15			2.85				824-B7				
213	HART (WILLIAM S.) PARK		8341 DE LONGPRE AVE.				NA			0.83				593-A5				
214	HARTLAND MINI-PARK		6830 N. WOODMAN AVE.			V	2			0.07				532-C5				
215	HAWKINS (AUGUSTUS F.)  NATURAL PARK		5790 S. COMPTON AVE.			P	9			8.12				674-F5				
216	HAZARD PARK		2230 E. NORFOLK ST.			M	14			24.99				635-B3				
217	HENRY (HAROLD A.) PARK		890 S. LUCERNE AVE.			M	4			1.6				633-F3				
218	HERITAGE SQUARE		3800 N. HOMER ST.			M	1			4.16				595-A6				
219	HIGHLAND PARK RECREATION CENTER		6150 E. PIEDMONT AVE.			M	1			5.41				595-D2				
220	HIGHLAND PARK SENIOR CITIZEN CENTER		6152 N. FIGUEROA ST.			M	14			3.81				595-D2				
221	HIGH SIERRA (CAMP)		869 LAKE MARY RD. (MAMMOTH LAKES)				NA			41.5				NA				
222	HILLHURST PARKWAY		HILLHURST AVE. BTWN. LOS FELIZ BLVD. & VERMONT AVE.			L	4			0.49				594-A3				
223	HOLLENBECK PARK		415 S. ST. LOUIS ST.			M	14			18.3				635-A5				
224	HOLLYWOOD RECREATION CENTER		1122 N. COLE AVE.			M	13			3.12				593-F5				
225	HOLMBY PARK		601 S. CLUB VIEW DR.			P	5			8.52				632-C1				
226	* Sub-Park (Holmby Park)	HAMMER (ARMAND) GOLF COURSE	601 S. CLUB VIEW DR.			P	5				3.46			632-C1				
227	HOOVER PEDESTRIAN MALL		USC BTWN. HOOVER & 30TH ST.			M	9			2.16				634-B7				
228	HOOVER RECREATION CENTER (Expansion)		1010 W. 25TH ST.			M	1			2.95				634-B6				
229	HOOVER-GAGE PARK		817 W. GAGE AVE.			P	9			0.21				674-B6				
230	HOPE AND PEACE PARK		843 S. BONNIE BRAE ST.			M	1			0.57				634-C4				
231	"HOSTETTER PARK
"		3141 E. OLYMPIC BLVD.			M	14			3.46				675-A1				
232	HOUSTON (NORMAN O.) PARK		4800 S. LA BREA AVE.			P	8			9.5				673-C4				
233	HUMPHREY (HUBERT H.)   MEMORIAL PARK 		12560 W. FILMORE ST.			V	7			9.99				482-E7				
234	IMPERIAL COURTS RECREATION CENTER		2250 E. 114TH ST.			P	15			2.36				704-H7				
235	JESSUP (ROGER W.) PARK 		12467 W. OSBORNE ST.			V	7			14.41				502-F4				
236	JORDAN DOWNS RECREATION CENTER		9900 S. GRAPE ST.			P	15			3.16				704-H4				
237	JUNTOS PARK		3135 N. DREW ST.			M	13			1.64				594-F1				
238	KING (MARTIN LUTHER, JR.) PARK		3934 S. WESTERN AVE.			P	8			8.33				673-J2				
239	KITTRIDGE MINI-PARK		6565 N. GREENBUSH AVE.			V	2			0.09				532-C6				
240	KNAPP RANCH PARK		25000 W. KITTRIDGE ST.			V	12			69.11				529-C7				
241	* Sub-Park (Knapp Ranch Park)	KNAPP RANCH PARK, WEST	WOODED VISTA & TWISTED OAK DR.			V	12				12.49			529-C7				
242	L. A. (HIGH SCHOOL) MEMORIAL PARK		4625 W. OLYMPIC BLVD.			M	4			2.51				633-E3				
243	L. A. YOUTH ATHLETIC CLUB		421 N. AVE. 19			M	1			4.64				594-J7				
244	LACY STREET NEIGHBORHOOD PARK		LACY ST. AT W. AVE. 26			M	1			0.37				594-J6				
245	LAFAYETTE PARK		625 S. LAFAYETTE PARK PLACE			M	10			9.72				634-B2				
246	LAKESIDE PARK (PHASE 1)		ENCINITAS AVE & BLEDSOE ST			V	7			70				481-G5				
247	LAKE STREET PARK		227 N. LAKE ST.			M	13			1.52				634-D1				
248	LA MIRADA PARK ACQUISITION SITE		5401 W. LA MIRADA AVE.			M	13			0.17				593-H5				
249	LANARK PARK		21816 W. LANARK ST.			V	3			19.2				530-A3				
250	LANARK/SHELBY MINI-PARK		21816 W. LANARK ST.			M	3			0.27				565-D6				
251	LAPD SWAT OFFICER RANDAL D. SIMMONS PARK (formerly WEST VALLEY PARK)		6731 N. WILBUR AVE.			V	3			8.08				530-H6				
252	LARISSA PARKWAY		3305 W. LARISSA DR.          			M	13			0.22				594-C6				
253	LAS PALMAS SENIOR CITIZEN CENTER		1820 N. LAS PALMAS AVE.			M	4			1.14				593-E4				
254	LASORDA (TOMMY)  FIELD OF DREAMS		1901 N. WATERLOO ST.			M	13			1.8				594-E5				
255	LA TIERRA DE LA CULEBRA		236 S. AVE. 57			M	1			0.56				595-C3				
256	LA TUNA CANYON PARK		6801 W. LA TUNA CANYON RD.			V	7			73.6				507-B7				
257	LATHAM PARK		5308 S. LATHAM ST.			P	9			0.19				674-F5				
258	LAUREL AND HARDY PARK		3022 W. DEL MONTE DR. 			M	13			0.32				594-C7				
259	LAUREL CANYON MULHOLLAND PARK		8100 W. MULHOLLAND DR.			M	4			1.71				592-J1				
260	* Sub-Park (Laurel Canyon Park)	LAUREL CANYON DOG PARK				V	4				3.94			592-J1				
261	LAX NORTHSIDE OPEN SPACES						11			33								
262	LAZY J RANCH PARK		23751 W. INGOMAR ST.                                			V	12			8.43				529-E3				
263	LEIMERT PLAZA		4395 S. LEIMERT BLVD.			W	10			1.02				673-F3				
264	LELAND PARK 		863 S. HERBERT AVE.			P	15			15.76				824-B4				
265	LEMON GROVE RECREATION CENTER		4959 W. LEMON GROVE AVE.			M	13			3.87				593-J6				
266	LEXINGTON AVENUE POCKET PARK		5523 W. LEXINGTON AVE.			M	13			0.17				593-H5				
267	LILAC TERRACE PARK		1253 W. LILAC TER. 			M	1			2.83				634-F1				
268	LIMEKILN CANYON PARK		19585 W. RINALDI ST.			V	12			92.57				480-F7				
269	LINCOLN HEIGHTS RECREATION CENTER		2303 N. WORKMAN ST.			M	1			2.88				635-A1				
270	LINCOLN HEIGHTS YOUTH CENTER		2500 N. GRIFFIN AVE.			M	1			0.74				595-A7				
271	LINCOLN PARK		3501 E. VALLEY BLVD.			M	1			42.81				635-B2				
272	LINDSAY (GILBERT W.) COMMUNITY CENTER		429 E. 42ND PLACE			P	9			14.62				674-D3				
273	LITTLE GREEN ACRES PARK		10420 S. VERMONT AVE.			P	8			0.23				704-A5				
274	LITTLE LANDERS PARK		10110 N. COMMERCE AVE.			V	7			1.14				504-A4				
275	LOOKOUT POINT PARK		3400 N. GAFFEY ST.			P	15			1.39				854-B2				
276	LOS ANGELES CENTER FOR ENRICHED STUDIES (LACES)		5931 W. 18TH STREET			W	10			7.41				633-A5				
277	LOS ANGELES MARITIME MUSEUM		BIRTH 84 - FOOT OF 6TH STREET AT HARBOR BLVD.			P	15			2.48				824-C5				
278	LOUISE PARK		7140 N. LOUISE AVE.			V	6			6.48				531-C5				
279	"LUMMIS (CHARLES F.) HOME, ""EL ALISAL"""		200 E. AVENUE 43			M	1			1.75				595-B5				
280	MacARTHUR (GEN. DOUGLAS)   PARK		2230 W. 6th STREET.			M	1			29.87				634-C3				
281	McKINLEY AVENUE		4916 S. McKINLEY AVE.			G	9			0.11				674-E4				
282	MADISON WEST PARK 		464 N. MADISON AVE. 			M	13			0.52				594-A7				
283	MAHOOD (FELICIA) MULTIPURPOSE CENTER		11338 SANTA MONICA BLVD.			W	11			4.32				632-A5				
284	MALLOY (KEN) HARBOR REGIONAL PARK		25820 S. VERMONT AVE.			P	15			290.87				794-A6				
285	* Sub-Park (Malloy (Ken) Harbor Reg Park)	HARBOR PARK GOLF COURSE	1235 N. FIGUEROA PL.			P	15				64.78			794-C5				
286	MANDEVILLE CANYON PARK		2660 N. WESTRIDGE RD.			P	11			131.2				591-C7				
287	MAR VISTA GARDENS RECREATION CENTER		4901 S. MARIONWOOD DR			P	11			4.82				672-E5				
288	MAR VISTA RECREATION CENTER		11430 W. WOODBINE AVE			P	11			18.51				672-C2				
289	MARCO PLACE PARKWAY		MARCO COURT BTWN. LINCOLN/VENICE BLVDS.			P	11			0.03				671-J5				
290	MARCO TRIANGLE		MARCO PL. BTWN. OAKWOOD/SHELL AVES.			P	11			0.03				671-J5				
291	MARSON PARK		15262 MARSON ST.			V	6			0.29				531-H3				
292	MASCOT TRIANGLE		INTERSECTION OF MASCOT & PICKFORD STS.			M	10			0.17				633-D5				
293	MASON PARK		10500 N. MASON AVE.			V	12			17.07				500-D3				
294	McGROARTY CULTURAL ART CENTER		7570 W. McGROARTY TERRACE			V	7			16.89				503-J5				
295	* Sub-Park (McGroarty Cultual Art Ctr)	PASKO PARK	SOUTH OF MCGROARTY CULTURAL ART CENTER - NORTH OF VERDUGO CRESTLINE DRIVE			V	7				1.01			503-J5				
296	MECCA AVENUE PARK		5250 N. MECCA AVE.			V	3			0.1				560-J2				
297	MEDIA PARK		9070 W. VENICE BLVD.			W	5			1.08				672-G1				
298	MID-VALLEY SENIOR CITIZEN CENTER (SITE)		9540 N. VAN NUYS BLVD.			V	6			2.66				501-J5				
299	MILLER (LOREN) RECREATION CENTER		2717 S. HALLDALE AVE.			P	8			2.42				633-J7				
300	MONTECITO HEIGHTS RECREATION CENTER		4545 N. HOMER ST.			M	1			22.53				595-B5				
301	MOON CANYON PARK		911 N. MUSEUM DR.			M	1			4.49				595-A3				
302	MOONSHINE CANYON PARK		19900 W. SESNON BLVD.                                                  			V	12			25.88				480-E7				
303	MOORPARK PARK		12061 W. MOORPARK ST.			V	2			3.22				562-G4				
304	MOUNT CARMEL RECREATION CENTER		830 W. 70TH ST.			P	8			3.41				674-B7				
305	MOUNT OLYMPUS PARK		243 E. AVE. 33			M	1			8.91				595-A6				
306	MULHOLLAND VIEW SITE NO. 16		MULHOLLAND DRIVE & PARK LANE CIRCLE 			V	5			0.21				561-E7				
307	NEVIN AVENUE PARK		1527-1531 E. 32ND ST.				9			0.26				674-F2				
308	NICKERSON (WILLIAM) GARDENS RECREATION CENTER		11251 S. COMPTON AVE.			P	15			4.73				704-G6				
309	NORMANDALE RECREATION CENTER		22400 S. HALLDALE  AVE.			P	15			8.26				764-A7				
310	NORMANDIE AND CORDOVA PARK		1903 W. CORDOVA ST. 				10			0.05				633-J6				
311	NORMANDIE RECREATION CENTER		1550 S. NORMANDIE AVE.			M	1			3.27				633-J5				
312	NORTH EAST VALLEY MULTIPURPOSE CENTER		11300 N. GLENOAKS BLVD.			V	7			2.07				502-E1				
313	NORTH HILLS COMMUNITY PARK		8756 N. PARTHENIA PL.			V	6			3.89				501-H7				
314	NORTH HOLLYWOOD PARK		11430 W. CHANDLER BLVD.			V	2			55.6				562-H2				
315	* Sub-Park (North Hollywood Park)	VALLEY VILLAGE PARK	500 WESTPARK DR.			V	2				6.47			562-H3				
316	NORTHRIDGE RECREATION CENTER		10058 N. RESEDA BLVD.			V	12			24.02				500-J5				
317	NOWITA TRIANGLE		NOWITA PLACE 			P	11			0.03				671-J5				
318	OAKRIDGE RESIDENCE		18650 W. DEVONSHIRE ST.			V	12			9.47				500-H4				
319	OAKWOOD RECREATION CENTER		767 E. CALIFORNIA AVE.			P	11			3.63				671-H5				
320	OCCIDENTAL PARKWAY		OCCIDENTAL BLVD & 6TH ST			M	1			0.56				634-B2				
321	OLD CYPRESS PARK LIBRARY		3320 E. PEPPER AVE.			M	1			0.18				594-J5				
322	OLD ENCINO FIRE STATION PROPERTY		5001 N. BALBOA BLVD. 			V 	5			0.37				561-D3				
323	OLD MISSION TRAIL		10400 LIMEKILN CANYON RD. 			V	12			13.6				500-D2				
324	O'MELVENY PARK		17300 W. SESNON BLVD.			V	12			695.71				481-A3				
325	ORCHARD AVE POCKET PARK		4600 S. ORCHARD AVE.			P	9			0.14				674-B4				
326	ORCUTT RANCH  HORTICULTURAL CENTER		23600 W. ROSCOE BLVD.			V	12			24.1				529-F3				
327	ORD AND YALE STREET PARK		524 W. ORD STREET			M	1			0.242				634-G2				
328	ORO VISTA PARK		11101 N. ORO VISTA AVE.			V	7			8.23				503-G1				
329	ORTHOPEDIC HOSPITAL UNIVERSAL ACCESS PLAYGROUND		2400 S. FLOWER STREET			P	9			0.37				634-C7				
330	OWENS (JESSE) MINI-PARK		7100 N. WHITE OAK AVE.			V	6			1.59				531-B5				
331	PACIFIC REGION HQ.                            		1670 W. PALOS VERDES DR., NORTH			P	15			2.62				794-A6				
332	PALACE PLATING 						9			0.47								
333	PALISADES-ASILOMAR PARK		15920 W. ASILOMAR BLVD.			P	11			1.44				630-J6				
334	PALISADES PARK  (PACIFIC PALISADES)		15400 W. PACIFIC COAST HWY.      			P	11			24.39				631-A7				
335	PALISADES PARK  (PORTER RANCH)		12100 N. TAMPA AVE.                         			V	12			113.65				480-G6				
336	PALISADES RECREATION CENTER		851 N. ALMA REAL DR.			P	11			17.54				631-A6				
337	PALMS RECREATION CENTER		2950 S. OVERLAND AVE.			P	5			4.81				632-E7				
338	PANORAMA CITY RECREATION CENTER		8600 N. HAZELTINE AVE.			V	6			6				532-B1				
339	PAN PACIFIC PARK		7600 W. BEVERLY BLVD.			M	4			32.18				633-C1				
340	PARKVIEW PHOTO CENTER		2332 W. 4TH ST.			M	1			0.96				634-C2				
341	PARTHENIA PARK		21444 PARTHENIA ST.			V	3			1.42				530-A1				
342	PATTON  STREET POCKET PARK  (formerly Old Echo Park Boys & Girls Club)		303-305 N. PATTON STREET			M	1			0.4				634-E1				
343	PECAN RECREATION CENTER		127 S. PECAN ST.			M	14			4.28				634-J4				
344	PECK PARK		560 N. WESTERN AVE.			P	15			74.52				823-J3				
345	PENMAR RECREATION CENTER		1341 E. LAKE ST.			P	11			12.01				671-J4				
346	PENMAR GOLF COURSE		1233 E. ROSE AVE.			P	11			52.7				671-J3				
347	PEPPER (CLAUDE) SENIOR CITIZEN CENTER		1762 S. LA CIENEGA BLVD.			M	10			0.4				632-J5				
348	PERSHING SQUARE		525 S. OLIVE ST.			M	14			4.44				634-E4				
349	PICO UNION PARK		1827 S. HOOVER ST.			M	1			0.72				634-B5				
350	PILSON PROPERTY		19900 W. MULHOLLAND DR.			V	3			14.59				560-F7				
351	PLACITA DEL SEOUL		CRA/LA				10			0.5								
352	POINSETTIA RECREATION CENTER		7341 W. WILLOUGHBY AVE.			M	5			6.29				593-C6				
353	POINT FERMIN PARK		807 W. PASEO DEL MAR			P	15			39.13				854-A2				
354	PORTER RANCH PARK		11000 N. TAMPA AVE.			V	12			40.96				500-F2				
355	PORTER RANCH-SESNON PROPERTY		11811 N. PORTER RANCH DRIVE			V	12			50.11				480-D6				
356	PORTER RIDGE PARK		18799 W. SESNON BLVD.			V	12			17.78				480-H5				
357	POTRERO CANYON PARK		15125 W. PACIFIC COAST HWY.              			P	11			35.49				631-A6				
358	POTTER (BENNY H.) WEST ADAMS AVENUES MEMORIAL PARK		2413 S. 2ND AVE.			M	10			1.6				633-G6				
359	PROSPECT PARK		612 N. ECHANDIA ST.			M	14			2.71				635-A3				
360	PUEBLO DEL RIO RECREATION CENTER		5350 N. ALBA ST.			P	9			0.54				674-G4				
361	QUEEN ANNE RECREATION CENTER		1240 S. WEST BLVD.			M	10			5.23				633-E4				
362	QUIMBY (JOHN) PARK		7008 N. DESOTO AVE.			V	3			3.82				530-C5				
363	RADFORD (CAMP)		3250 RADFORD RIVER RD. (ANGELUS OAKS, CA 92305)				NA			83.69								
364	RAMONA GARDENS RECREATION CENTER		2830 E. LANCASTER AVE.			M	14			6.4				635-C3				
365	* Sub-Park (Ramona Gardens Rec Ctr)	ALVAREZ (HENRY)                 MEMORIAL PARK	2830 LANCASTER AVE.			M	14				2.56			635-C3				
366	* Sub-Park (Ramona Gardens Rec Ctr)	RAMONA GARDENS PARK	2800 S. FLOWER ST. 				9				2.1			634-C7				
367	RAMONA HALL COMMUNITY CENTER 		4580 N. FIGUEROA ST.			M	1			1.43				595-B4				
368	RANCHO CIENEGA SPORTS COMPLEX 		5001 W. RODEO RD.			W	10			28.97				673-C1				
369	RENA PARK		510 N. LELAND AVE.			P	15			1.28				824-A4				
370	RESEDA PARK		18411 W. VICTORY BLVD.			V	3			29.68				530-J7				
371	REYNIER PARK		2803 S. REYNIER AVE.			P	10			1.03				632-H6				
372	RICHARDSON FAMILY PARK (ELINOR AND DON)		2700 S. BUDLONG AVE.			P	8			0.32				634-A7				
373	RINALDI PARK		18501 W. RINALDI ST.			V	12			0.08				500-H1				
374	RIO DE LOS ANGELES STATE PARK 		1900 N. SAN FERNANDO ROAD			M	1			39.39				594-G4				
375	RIVAS CANYON PARK		E. END OF ORACLE PLACE			P	11			25.76				631-B3				
376	ROBERT F. KENNEDY INSPIRATION PARK 		3400 W. WILSHIRE BLVD			M	10			0.43				633-J2				
377	ROBERTS (ELEANOR GREEN) AQUATIC CENTER		4526 W. PICO BLVD.			M	10			0.75				633-E4				
378	ROBERTS (FRED) RECREATION CENTER		4700 S. HONDURAS ST.			P	9			2.9				674-G4				
379	ROBERTSON RECREATION CENTER		1641 S. PREUSS RD.			P	5			1.24				632-H4				
380	ROCKWOOD COMMUNITY PARK		1571 W. ROCKWOOD ST. 			M	13			0.43				634-D2				
381	RODRIGUEZ (SEILY) PARK 		5707 W. LEXINGTON AVE.			M	13			0.34				593-H5				
382	ROOSEVELT HIGH SCHOOL POOL		456 S. MATHEWS ST.			M	14			1.49				635-A5				
383	ROSCOE-VALLEY CIRCLE PARK		24116 W. DE QUINCY COURT			V	12			44.35				529-E3				
384	ROSE HILL RECREATION CENTER		4530 E. MERCURY AVE.			M	14			2.26				595-D6				
385	ROSECRANS RECREATION CENTER		840 W. 149TH ST.			P	15			10.55				734-B4				
386	ROSEWOOD GARDENS		7811 W. ROSEWOOD AVE.			M	5			0.11				593-B7	UNTIL 5-97 CALLED ROSEWOOD PARK			
387	RUNNYMEDE PARK		20200 W. RUNNYMEDE  ST.                      			V	3			5.93				530-D4				
388	RUNYON CANYON PARK                     		2000 N. FULLER AVE			L	4			136.76				593-C3				
389	RUSTIC CANYON PARK		SW OF SULLIVAN FIRE RD.			P	11			44.69				631-C2				
390	RUSTIC CANYON RECREATION CENTER		601 N. LATIMER RD.			P	11			8.95				631-C6				
391	SAINT ANDREWS RECREATION CENTER		8701 S. SAINT ANDREWS PL.			P	8			8.58				703-H3				
392	SAINT JAMES PARK		20 S. ST. JAMES PARK			M	1			0.9				634-C7				
393	SAN JUAN GARAGE		215-217 E. SAN JUAN AVE.			L	11			0.12				671-H6				
394	SAN JULIAN PARK		312 E. 5TH STREET			M	14			0.29				634-F5				
395	SAN PEDRO PLAZA PARK		700 S. BEACON ST.			P	15			3.51				824-C5				
396	SAN PEDRO WELCOME PARK		351 N. GAFFEY ST.			P	15			0.4				824-B4				
397	SAN VICENTE MOUNTAIN PARK		17500 W. MULHOLLAND DR.			P	11			31.45				591-B1				
398	SANTA YNEZ CANYON PARK		1100 N. PALISADES DR.                             			P	11			337.84				630-F2				
399	SCHACHTER (IRVING) PARK		2599 S. BEVERWIL DR.			W	5			0.31				632-G6				
400	SEELY (CAMP)		250 N. HWY. 138        (CRESTLINE)				NA			12.9								
401	SELMA PARK		6567 W. SELMA AVE.			M	13			0.22				593-E4				
402	SEOUL INTERNATIONAL PARK		3250 W. SAN MARINO ST.			M	10			3.47				633-J3				
403	SEPULVEDA BASIN RECREATION AREA		17017 W. BURBANK BLVD.			V	6			1538.6				531-C7				
404	* Sub-Park (Sepulveda Basin Rec Area)	BALBOA 18-HOLE GOLF COURSE (Sepulveda Golf Complex)	16821 W. BURBANK BLVD.			V	6				152.66			561-D1				
405	* Sub-Park (Sepulveda Basin Rec Area)	ENCINO 18-HOLE GOLF COURSE (Sepulveda Golf Complex)	16821 BURBANK BLVD.			V	6				168.01			561-E2				
406	* Sub-Park (Sepulveda Basin Rec Area)	ENCINO PARK AND RIDE	5174 N. HAYVENHURST AVENUE			V	5				1.55			561-E3				
407	* Sub-Park (Sepulveda Basin Rec Area)	LIBBIT PARK	5101 N. LIBBIT AVE.			V	5				24.51			561-E3				
408	* Sub-Park (Sepulveda Basin Rec Area)	WOODLEY AVENUE PARK	6350 N. WOODLEY AVE.                            			V	6				109.66			531-F7				
409	* Sub-Park (Sepulveda Basin Rec Area)	WOODLEY LAKES GOLF COURSE	6331 N. WOODLEY AVE.			V	6				238.89			531-E7				
410	* Sub-Park (Sepulveda Basin Rec Area)	BEILENSON (ANTHONY C.) PARK	6200 N. BALBOA BLVD.			V	6				169.24			561-D1		2255-023-900	"In Sep. Dam RECREATION Area INC. ""Lake Balboa"""	
411	* Sub-Park (Sepulveda Basin Rec Area)	HJELTE SPORTS CENTER	16210 W. BURBANK BLVD.			V	6				14.72			561-F2				
412	* Sub-Park (Sepulveda Basin Rec Area)	BALBOA SPORTS CENTER	17015 W. BURBANK BLVD.			V	6				82.34			561-C2				
413	* Sub-Park (Sepulveda Basin Rec Area)	SEPULVEDA BASIN DOG PARK	17550 W. VICTORY BLVD.			V	6				4.94			531-B7				
414	* Sub-Park (Sepulveda Basin Rec Area)	SEPULVEDA GARDEN CENTER	16633 W. MAGNOLIA BLVD.			V	5				24.09			561-D3				
415	* Sub-Park (Sepulveda Basin Rec Area)	SEPULVEDA BASIN WILDLIFE RESERVE	17017 W. BURBANK BLVD.			V	6				185.57			561-D2				
416	* Sub-Park (Sepulveda Basin Rec Area)	TEICHMAN FAMILY MAGNOLIA PARK                         (at Emek Hebrew Acad.)	15365 W. MAGNOLIA BLVD.			V	4				3.2			561-H3				
417	SEPULVEDA RECREATION CENTER		8801 N. KESTER AVE.			V	6			10.59				531-J1				
418	SERRANIA AVENUE PARK		4800 N. SERRANIA AVE.			V	3			36.54				560-C4				
419	SHADOW RANCH PARK 		22633 W. VANOWEN ST.			V	12			12.03				529-H6				
420	SHATTO RECREATION CENTER		3191 W. 4TH ST.			M	4			5.45				634-A2				
421	SHAW (LESLIE N.) PARK		2250 W. JEFFERSON BLVD.			P	10			0.63				633-G7				
422	SHELDON-ARLETA PARK  (Phases 3A/3B)		8701 N. SHARP AVENUE			V	6			45.16				532-F1				
423	SHELDON SKATE PARK 		12477 SHELDON STREET			V	6			2.11				502-F7				
424	SHERMAN OAKS CASTLE PARK		4989 N. SEPULVEDA BLVD.			V	4			4.98				561-H3				
425	SHERMAN VILLAGE RIVER GREENWAY PARK						4			1.53								
426	SILVERLAKE MEADOWS PARK		2543 N. ARMSTRONG AVE.			M	4			4.48				594-D3				
427	SILVERLAKE RECREATION CENTER                       		1850 W. SILVERLAKE DR.			M	13			3.93				594-D5				
428	* Sub-Park (Silverlake Rec Ctr)	SILVERLAKE DOG PARK                       	1850 W. SILVERLAKE DR.			M	13				1.12			594-D5				
429	SLAUSON (JAMES) RECREATION CENTER		5306 S. COMPTON AVE.			P	9			3.63				674-F5				
430	SLAVIN (JAIME BETH) PARK		7965 N. WHITSETT AVE.			V	2			6.95				532-E2				
431	SMITH (CARLIN G.) RECREATION CENTER		511 W. AVE. 46			M	1			2.64				595-A4				
432	SMITH (DOROTHY J.  & BENJAMIN B.) PARK		7020 W. FRANKLIN AVE.			M	13			0.49				593-D4				
433	SNYDER (ROSS) RECREATION CENTER		1501 E. 41ST ST.			P	9			11.34				674-F3				
434	SOUTHEAST VALLEY ROLLER & SKATEBOARD PARK (SE VALLEY PROJECT)		12477-12511 W. SHELDON ST			V	6			2.17				502 E-7, F-7				
435	SOUTH L.A. WETLANDS PARK		5413 S. AVALON BLVD.			P	9			9				674-D5				
436	SOUTH L. A. SPORTS ACTIVITY CENTER		7020 S. FIGUEROA ST.			P	8			0.74				674-B7				
437	SOUTH PARK RECREATION CENTER		345 E. 51ST ST			P	9			18.25				674-D4				
438	SOUTH SEAS HOUSE PARK		2301 W. 24TH ST.			M	10			1.04				633-G6				
439	SOUTH VICTORIA AVENUE PARK 		6537 SOUTH VICTORIA AVE.			P	8			0.26				673-F7				
440	SPRING STREET PARK  (Phase 2)		428 S. SPRING STREET			M	14			0.8				634-F4				
441	STATE STREET RECREATION CENTER		716 N. STATE ST.			M	14			2.62				635-A3				
442	STEERS PROPERTY		S. OF OWEN BROWN RD.			V	3			21.35				590-E1				
443	STETSON RANCH PARK		13877 N. GLENOAKS BLVD.			V	7			28.31				481-G1				
444	STONEHURST RECREATION CENTER		9901 N. DRONFIELD ST.			V	7			13.71				502-J5				
445	STONER RECREATION CENTER		1835 S. STONER AVE.			P	11			8.66				632-A6				
446	STONEY POINT PARK		10870 N. TOPANGA CANYON BLVD.			V	12			29.06				500-A2				
447	STRATHERN PARK, NORTH		8041 N. WHITSETT AVE.			V	2			12.74				532-F2				
448	STRATHERN PARK, WEST		12541 W. SATICOY ST.			V	2			9.38				532-E3				
449	STUDIO CITY MINI-PARK		12505 W. MOORPARK ST.                 .			V	2			0.43				562-F4				
450	STUDIO CITY RECREATION CENTER		12621 W. RYE ST.			V	2			8.46				562-E4				
451	SULLIVAN CANYON PARK		NE OF SULLIVAN FIRE RD.			P	11			23.29				631-C1				
452	SUN VALLEY PARK		8133 N. VINELAND AVE.			V	6			17.26				533-A2				
453	SUNLAND PARK		8651 W. FOOTHILL BLVD.			V	2			16.45				503-F3				
454	SUNNYNOOK RIVER PARK		1-5 FRWY, LA RIVER/GLENDALE BLV				4			3.4								
455	SUTTON (ALGIN) RECREATION CENTER		8800 S. HOOVER ST.			P	8			16.46				704-B3				
456	SYCAMORE GROVE PARK		4702 N. FIGUEROA ST.			M	1			13.62				595-B4				
457	SYLMAR PARK		13109 N. BORDEN AVE.			V	7			19.78				482-A4				
458	TARZANA RECREATION CENTER		5655 N. VANALDEN AVE.			V	3			5.57				560-G1				
459	TATUM (JACKIE)/HARVARD RECREATION CENTER 		1535 W. 62ND ST.			P	8			12.88				673-J6				
460	TAXCO TRAILS PARK		23367 W. INGOMAR ST.			V	12			2.45				529-F3				
461	TELFAIR PARK		15721 W. COBALT ST			V	7			1.29				481 G-4	TAYLOR YARD; SEE			
462	TEMESCAL CANYON PARK		15900 W. PACIFIC COAST HWY.			P	11			37.59				630-J6				
463	TEMESCAL RIDGE TRAILHEAD		16701 VIA LAS PALMAS 			P	11			0.46				630-H1				
464	TIARA ST.  SITE		11480 W. TIARA ST.			V	2			1.56				562-H1				
465	TITMOUSE PARK		415 E. CULVER BLVD.			P	11			0.29				702-B3				
466	TOBERMAN RECREATION CENTER		1725 S. TOBERMAN ST.			M	1			2.74				634-C5				
467	TOBIAS AVENUE PARK		9122 N. TOBIAS AVE.			V	6			1.61				501-J7				
468	TRASK TRIANGLE		TRASK AVE. AND WATERVIEW ST.			P	11			0.15				702-B4				
469	TRIANGLE PARK		652 W. MARR STREET			P	11			0.09				671-J6				
470	TRINITY RECREATION CENTER		2415 S. TRINITY ST.			P	9			2.06				674-D1				
471	TUJUNGA GREENBELT & PEDESTRIAN BRIDGE		COLDWATER CYN AVE. BTWN. OXNARD ST. & CHANDLER BLVD.			V	2			8.22				532-E7				
472	TUJUNGA INFILTRATION GALLERIES		BIG TUJUNGA CYN. BLVD.           N. OF MT. GLEAS			V	2			47.41				503-J1				
473	UNIDAD PARK (Formerly Beverly Park)		1644-48 W. BEVERLY BLVD.			M	13			0.32				634-D2		5153-012-900		
473	UNIDAD PARK (Formerly Beverly Park)		1644-48 W. BEVERLY BLVD.			M	13			0.32				634-D2		5153-012-901		
474	VALCREST (CAMP)		H C 01 BOX 18 (LA CANADA)				NA			10								
475	VALENCIA (ROSS) COMMUNITY PARK		EAST 1ST AND N. CHICAGO STREET			M	14			0.09				635-A5				
476	VALENCIA TRIANGLE		8TH & VALENCIA ST.			M	1			0.06				634-D4				
477	VALENS (RITCHIE) PARK		10731 LAUREL CANYON BLVD.			V	7			25.77				502-B3				
478	VALLEY GLEN COMMUNITY PARK		6150 N. ATOLL AVE.			V	2			5.7				532-D7				
479	VALLEY PLAZA PARK		12240 W. ARCHWOOD ST.			V	2			77.64				532-F6				
480	* Sub-Park (Valley Plaza Park)	WHITSETT SPORTS FIELDS	7000 N. WHITSETT AVE.			V	2				30.62			532-F6				
481	* Sub-Park (Valley Plaza Park)	LAURELGROVE PARK	6226 N. LAURELGROVE AVE.			V	2				3.06			532-F6				
482	VAN NESS RECREATION CENTER		5720 S. 2ND AVE.			P	8			7.81				673-G5				
483	VAN NORMAN LAKES RESERVOIR		15800 W. RINALDI ST.			V	12			10.9				501-F1				
484	VAN NUYS MULTIPURPOSE CENTER		6514 N. SYLMAR AVE.			V	2			1.38				532-A6		2237-015-900		INC. Bernardi CENTER
484	VAN NUYS MULTIPURPOSE CENTER		6514 N. SYLMAR AVE.			V	2			1.38				532-A6		2237-015-901		INC. Bernardi CENTER
485	VAN NUYS RECREATION CENTER		14301 W. VANOWEN AVE.			V	6			3.89				532-A5				
486	VAN NUYS - SHERMAN OAKS PARK 		14201 W. HUSTON ST.			V	4			65.18				562-A3				
487	VANALDEN PARK		8956 N. VANALDEN AVE.			V	12			10.89				500-G7				
488	VENICE BEACH 		2300 S. OCEAN FRONT WALK			W	11			160.75				671-G6				
489	VENICE HIGH SCHOOL POOL		2490 S. WALGROVE AVE.			P	11			1.47				672-B5				
490	VENICE OF AMERICA CENTENNIAL PARK		501 S. VENICE BLVD.			P	11			0.89				671-H6				
491	VENICE RESERVOIR SITE		3324 S. CENTINELA AVE.			P	11			14.33				672-B2				
492	* Sub-Park (Venice Reservoir Site)	OCEAN VIEW FARMS COMMUNITY GARDEN	3300 S. CENTINELA AVE.			P	11				5.7			672-B2				
493	* Sub-Park (Venice Reservoir Site)	NORTH VENICE LITTLE LEAGUE FIELDS	3321 GRAN VIEW BLVD.			P	11				8.63			672-B2				
494	VENTURA AND STRATHERN						6			0.69								
495	VERDUGO HILLS POOL		10654 N. IRMA AVE.			V	7			0.75				503-J3				
496	VERDUGO MOUNTAIN PARK		9999 w. EDMORE PLACE			V	2			587.97				533-D2				
497	* Sub-Park (Verdugo Mtn Park)	VILLA CABRINI PARK	9401 VILLA CABRINI DRIVE, WEST			V	2				17.07			533-D2				
498	VERMONT & GAGE POCKET PARK		2900 N. VERMONT				9			0.38								
499	VERMONT MIRACLE PARK		954 W. 81ST/8102 S. VERMONT			P	8			0.23				704-A-2				
500	VERMONT PARKWAY		VERMONT AVE. BTWN.            LOS FELIZ BLVD. & GRIFFITH PARK			M	4			2.58				594-A2				
501	VERMONT SQUARE		1248 W. 47TH ST.			P	9			3.01				674-A4				
502	VERNON BRANCH LIBRARY POCKET PARK 		4501 S. CENTRAL AVE.			P	9			0.15				674-E3				
503	VIA DOLCE PARK		3501-3507 S. VIA DOLCE			P	11			0.14				671-J7				
504	VICTORY-VINELAND RECREATION CENTER		11117 W. VICTORY BLVD.			V	2			6.48				532-J6				
505	VIKING PARK		11500 N. VIKING AVE.			V	12			10.07				500-H1				
506	VINEYARD RECREATION CENTER		2942 S. VINEYARD AVE.			P	10			0.93				633-D7				
507	VISTA DEL MAR PARK		8150 S. VISTA DEL MAR 			P	11			0.84				702-B5				
508	VISTA HERMOSA SOCCER FIELD		1301 W. 1ST STREET			M	1			1.88				634-E2				
509	WABASH RECREATION CENTER		2765 E. WABASH AVE.			M	14			1.87				635-C4				
510	WALL STREET COMMUNITY PARK		8620 S. WALL ST.			P	9			0.09				704-D2				
511	WARNER RANCH PARK		5830 N. TOPANGA CANYON BLVD.			V	3			15.31				560-A1				
512	WASHINGTON IRVING POCKET PARK		4103 W. WASHINGTON BLVD.			M	10			0.13				633-E5				
513	WATTLES GARDEN PARK		1824 N. CURSON AVE.			L	4			47.58				593-C3				
514	WATTS COMMUNITY PARK (formerly Monitor Avenue Park)		11300-11320 SOUTH MONITOR			P	15			1.13				704-G-6				
515	WATTS CULTURAL CRESCENT		1780 E. SANTA ANA BLVD.			P	15			2.95				704-G5				
516	WATTS SENIOR CITIZEN CENTER		1657 E. CENTURY BLVD.			P	15			1.3				704-G4				
517	WAYS PARK					P	9			0.38								
518	WEDDINGTON PARK, NORTH		10844 W. ACAMA ST.			V	2			10.21				563-A5				
519	WEDDINGTON PARK, SOUTH		10800 W. VALLEY HEART DR.			V	2			14.48				563-A6				
520	WELCOME PARK 		415 N. GAFFEY STREET				15			0.4				824-B4				
521	WEST BOULEVARD PARK (aka Buckingham Place Park)		WEST BLVD & ANGELES BLVD.				10			0.21								
522	WEST HILLS SPORTS CENTER		6900 N. VALLEY CIRCLE BLVD.			V	12			15.05				529-D5				
523	WESTCHESTER RECREATION CENTER		7000 W. MANCHESTER AVE.			P	11			23.58				702-E3				
524	WESTMINSTER PARK              		1234 S PACIFIC AVE.			P	11			2.24				671-G6				
525	* Sub-Park (Westminster Park)	WESTMINSTER DOG PARK	1234 S PACIFIC AVE			P	11				0.87			671-G6				
526	WESTSIDE NEIGHBORHOOD PARK		3085 S. CLYDE AVE.			P	10			1.21				633-A7				
527	WESTWOOD GARDENS PARK		10861 WELLWORTH AVE.			P	5			0.29				632-B3				
528	WESTWOOD PARK		1350 S. SEPULVEDA BLVD.			P	5			26.7				632-A4				
529	WHITE POINT PARK NATURE PRESERVE		1600 W. PASEO DEL MAR			P	15			95.22				853-H1				
530	WHITNALL HIGHWAY PARK		5801 1/2 WHITNALL HWY.			V	2			10.52				563-A1				
531	* Sub-Park (Whitnall Hwy Park)	WHITNALL DOG PARK	5801 1/2 WHITNALL HWY.			V	2				1.65			563-A1				
532	WIENER (BUDD) PARK		4301 VIA MARISOL			M	14			0.79				595-D4				
533	WILBUR-TAMPA PARK		12001 WILBUR AVE.			V	12			7.29				480-F7				
534	WILL ROGERS STATE BEACH		17600 PACIFIC COAST HWY			P	11			102.9				630-H6				
535	WILMINGTON RECREATION CENTER		325 NEPTUNE AVE.			P	15			7.31				794-D7				
536	WILMINGTON TOWN SQUARE		"AVALON PLACE & ""I"" ST.  (104 E ""I"" Street)"			P	15			0.48				794-E6				
537	WILMINGTON VETERANS PARK		1148 N. WATSON AVE.			P	15			3.96				794-G5				
538	WINNETKA RECREATION CENTER		8401 WINNETKA AVE.			V	3			15.95				530-E2				
539	WOODBINE PARK		3409 VINTON AVE.			P	5			0.67				632-F7				
540	WOODBRIDGE PARK		11240 MOORPARK ST.			V	2			4.71				562-J4				
541	WOODLAND HILLS RECREATION CENTER		5858 SHOUP AVE.			V	3			18.76				559-J1				
542	WOODSIDE TRIANGLE		WOODSIDE DR. & MARMION WAY (3571 Pasadena Ave)			M	1			0.17				595-B4				
543	YORK BOULEVARD POCKET PARK		4948-4956 YORK BLVD			M	14			0.3				595-B-1				
544	YOSEMITE RECREATION CENTER		1840 YOSEMITE DR.			M	14			10				565-B6				
545	YUCCA COMMUNITY CENTER		6671 W. YUCCA ST.			M	13			0.97				593-E4				
546	ZELZAH PARK		11690 ZELZAH AVE.			V	12			9.74				481-A7				
																		
																		
																		
																		
																		
																		
																		
																		
																		
																		
																		
																		
																		
																		
				#REF!	#REF!													
				#REF!	#REF!													
				#REF!	#REF!													
				#REF!	#REF!													
